year,region_name,t1_2_winter_kwh,t1_2_winter_sar,t1_2_rest_kwh,t1_2_rest_sar,annual_kwh,annual_sar,t1_2_winter_kwh_source,t1_2_winter_sar_source,t1_2_rest_kwh_source,t1_2_rest_sar_source,annual_kwh_source,annual_sar_source
2017,Al-Bahah,633322853.3628119,42419719.04067979,2444806140.0,202643571.9785449,3078128993.362812,245063291.0192248,KAPSARC,KAPSARC,KAPSARC,KAPSARC,KAPSARC,KAPSARC
2017,Al-Jouf,1047155811.2308588,53629863.13256977,4541531311.0,243302753.4213392,5588687122.230859,296932616.553909,KAPSARC,KAPSARC,KAPSARC,KAPSARC,KAPSARC,KAPSARC
2017,Asir,4146428088.81415,275512194.7045303,20464106366.0,1969645445.2545493,24610534454.814148,2245157639.95908,KAPSARC,KAPSARC,KAPSARC,KAPSARC,KAPSARC,KAPSARC
2017,Eastern Region,5262775051.688831,359183064.6755376,30727730092.0,3165695573.42404,35990505143.68883,3524878638.0995774,KAPSARC,KAPSARC,KAPSARC,KAPSARC,KAPSARC,KAPSARC
2017,Hail,1056543108.964022,73455021.09765667,3925871299.0,321251274.1050998,4982414407.964022,394706295.20275646,KAPSARC,KAPSARC,KAPSARC,KAPSARC,KAPSARC,KAPSARC
2017,Jazan,2324786700.582149,149979130.84358788,12330297464.0,1136274518.6838713,14655084164.58215,1286253649.5274591,KAPSARC,KAPSARC,KAPSARC,KAPSARC,KAPSARC,KAPSARC
2017,Madinah,2458903536.478258,161679183.34053198,12934995238.0,1155048654.4745312,15393898774.478258,1316727837.8150632,KAPSARC,KAPSARC,KAPSARC,KAPSARC,KAPSARC,KAPSARC
2017,Makkah,10225556784.386744,673039064.4824653,54951107564.0,5151689960.917025,65176664348.38674,5824729025.39949,KAPSARC,KAPSARC,KAPSARC,KAPSARC,KAPSARC,KAPSARC
2017,Najran,767280686.2692041,54296994.89760524,4024055708.0,451502210.43434113,4791336394.269204,505799205.3319464,KAPSARC,KAPSARC,KAPSARC,KAPSARC,KAPSARC,KAPSARC
2017,Northern Borders,461492447.338097,28935953.668130457,1680672755.0,124393718.41279708,2142165202.338097,153329672.08092755,KAPSARC,KAPSARC,KAPSARC,KAPSARC,KAPSARC,KAPSARC
2017,Qassim,1682430847.639912,115254648.24871904,8702062275.0,714747363.3142709,10384493122.639912,830002011.56299,KAPSARC,KAPSARC,KAPSARC,KAPSARC,KAPSARC,KAPSARC
2017,Riyadh,9656113094.576937,646321544.558405,58311208859.0,5000680818.49279,67967321953.576935,5647002363.051195,KAPSARC,KAPSARC,KAPSARC,KAPSARC,KAPSARC,KAPSARC
2017,Tabuk,1111825199.1694949,73810717.035593,4585245842.0,360078967.36779565,5697071041.169495,433889684.4033886,KAPSARC,KAPSARC,KAPSARC,KAPSARC,KAPSARC,KAPSARC
2018,Al-Bahah,645193315.0,44982179.0,2569383740.0,216447376.0,3214577055.0,261429555.0,KAPSARC,KAPSARC,KAPSARC,KAPSARC,KAPSARC,KAPSARC
2018,Al-Jouf,1064310433.0,117615170.0,4578979658.0,710136919.0,5643290091.0,827752089.0,KAPSARC,KAPSARC,KAPSARC,KAPSARC,KAPSARC,KAPSARC
2018,Asir,4195317852.0,388496914.0,20584881000.0,2808175606.0,24780198852.0,3196672520.0,KAPSARC,KAPSARC,KAPSARC,KAPSARC,KAPSARC,KAPSARC
2018,Eastern Region,5317397646.0,395266313.0,30824335850.0,3099368423.0,36141733496.0,3494634736.0,KAPSARC,KAPSARC,KAPSARC,KAPSARC,KAPSARC,KAPSARC
2018,Hail,1062374669.0,87337222.0,4155945546.0,387834754.0,5218320215.0,475171976.0,KAPSARC,KAPSARC,KAPSARC,KAPSARC,KAPSARC,KAPSARC
2018,Jazan,2356158024.0,209266763.0,12394795178.0,1613227580.0,14750953202.0,1822494343.0,KAPSARC,KAPSARC,KAPSARC,KAPSARC,KAPSARC,KAPSARC
2018,Madinah,2476853485.0,160472919.0,13002433159.0,1142518355.0,15479286644.0,1302991274.0,KAPSARC,KAPSARC,KAPSARC,KAPSARC,KAPSARC,KAPSARC
2018,Makkah,10494999897.0,714318115.0,55099747098.0,5583934956.0,65594746995.0,6298253071.0,KAPSARC,KAPSARC,KAPSARC,KAPSARC,KAPSARC,KAPSARC
2018,Najran,779758990.0,56837010.0,4049575094.0,406724274.0,4829334084.0,463561284.0,KAPSARC,KAPSARC,KAPSARC,KAPSARC,KAPSARC,KAPSARC
2018,Northern Borders,464963984.0,34654249.0,1751695471.0,160173685.0,2216659455.0,194827934.0,KAPSARC,KAPSARC,KAPSARC,KAPSARC,KAPSARC,KAPSARC
2018,Qassim,1850955238.0,124437945.0,9086565021.0,797739786.0,10937520259.0,922177731.0,KAPSARC,KAPSARC,KAPSARC,KAPSARC,KAPSARC,KAPSARC
2018,Riyadh,9687768245.0,704968500.0,58643764566.0,6788343838.0,68331532811.0,7493312338.0,KAPSARC,KAPSARC,KAPSARC,KAPSARC,KAPSARC,KAPSARC
2018,Tabuk,1119707072.0,76501190.0,4777892250.0,408817758.0,5897599322.0,485318948.0,KAPSARC,KAPSARC,KAPSARC,KAPSARC,KAPSARC,KAPSARC
2019,Al-Bahah,583781957.0,153285758.0,2205899137.0,683330764.0,2789681094.0,836616522.0,KAPSARC,KAPSARC,KAPSARC,KAPSARC,KAPSARC,KAPSARC
2019,Al-Jouf,700853935.0,178038911.0,2565128025.0,944422326.0,3265981960.0,1122461237.0,KAPSARC,KAPSARC,KAPSARC,KAPSARC,KAPSARC,KAPSARC
2019,Asir,2996611212.0,675309400.0,10629137186.0,3494972760.0,13625748398.0,4170282160.0,KAPSARC,KAPSARC,KAPSARC,KAPSARC,KAPSARC,KAPSARC
2019,Eastern Region,4294128877.0,952025741.0,28190346286.0,10377046409.0,32484475163.0,11329072150.0,KAPSARC,KAPSARC,KAPSARC,KAPSARC,KAPSARC,KAPSARC
2019,Hail,931962566.0,236304535.0,2929853057.0,652352964.0,3861815623.0,888657499.0,KAPSARC,KAPSARC,KAPSARC,KAPSARC,KAPSARC,KAPSARC
2019,Jazan,2287978519.0,583000149.0,7109585707.0,1840470440.0,9397564226.0,2423470589.0,KAPSARC,KAPSARC,KAPSARC,KAPSARC,KAPSARC,KAPSARC
2019,Madinah,2896966402.0,619823275.0,10426896795.0,2932372309.0,13323863197.0,3552195584.0,KAPSARC,KAPSARC,KAPSARC,KAPSARC,KAPSARC,KAPSARC
2019,Makkah,9811340713.0,2019019112.0,39835650154.0,10470931097.0,49646990867.0,12489950209.0,KAPSARC,KAPSARC,KAPSARC,KAPSARC,KAPSARC,KAPSARC
2019,Najran,743954708.0,168123136.0,2567696293.0,620378720.0,3311651001.0,788501856.0,KAPSARC,KAPSARC,KAPSARC,KAPSARC,KAPSARC,KAPSARC
2019,Northern Borders,476021255.0,142002715.0,1370924095.0,298024935.0,1846945350.0,440027650.0,KAPSARC,KAPSARC,KAPSARC,KAPSARC,KAPSARC,KAPSARC
2019,Qassim,1937898085.0,566546168.0,6354815303.0,1851621754.0,8292713388.0,2418167922.0,KAPSARC,KAPSARC,KAPSARC,KAPSARC,KAPSARC,KAPSARC
2019,Riyadh,8929603334.0,1952659947.0,31818999925.0,9479283407.0,40748603259.0,11431943354.0,KAPSARC,KAPSARC,KAPSARC,KAPSARC,KAPSARC,KAPSARC
2019,Tabuk,1149529403.0,234601401.0,3745827308.0,743893993.0,4895356711.0,978495394.0,KAPSARC,KAPSARC,KAPSARC,KAPSARC,KAPSARC,KAPSARC
2020,Al-Bahah,469165147.0,96607805.0,1834339162.0,410535424.0,2303504309.0,507143229.0,BOTH(GASTAT),BOTH(GASTAT),BOTH(GASTAT),BOTH(GASTAT),BOTH(GASTAT),BOTH(GASTAT)
2020,Al-Jouf,503142337.0,101309290.0,2090562079.0,540151610.0,2593704416.0,641460900.0,BOTH(GASTAT),BOTH(GASTAT),BOTH(GASTAT),BOTH(GASTAT),BOTH(GASTAT),BOTH(GASTAT)
2020,Asir,1945750042.0,363141089.0,8886838803.0,2092556136.0,10832588845.0,2455697225.0,BOTH(GASTAT),BOTH(GASTAT),BOTH(GASTAT),BOTH(GASTAT),BOTH(GASTAT),BOTH(GASTAT)
2020,Eastern Region,3482159360.0,664686072.0,21557369812.0,5483728980.0,25039529172.0,6148415052.0,BOTH(GASTAT),BOTH(GASTAT),BOTH(GASTAT),BOTH(GASTAT),BOTH(GASTAT),BOTH(GASTAT)
2020,Hail,830065564.0,170320313.0,3483897539.0,695623902.0,4313963103.0,865944215.0,BOTH(GASTAT),BOTH(GASTAT),BOTH(GASTAT),BOTH(GASTAT),BOTH(GASTAT),BOTH(GASTAT)
2020,Jazan,1554582668.0,320517165.0,6250877934.0,1304514731.0,7805460602.0,1625031896.0,BOTH(GASTAT),BOTH(GASTAT),BOTH(GASTAT),BOTH(GASTAT),BOTH(GASTAT),BOTH(GASTAT)
2020,Madinah,2040377831.0,390820207.0,10285719042.0,2246676949.0,12326096873.0,2637497156.0,BOTH(GASTAT),BOTH(GASTAT),BOTH(GASTAT),BOTH(GASTAT),BOTH(GASTAT),BOTH(GASTAT)
2020,Makkah,9513673122.0,1827323739.0,45183730039.0,9751225005.0,54697403161.0,11578548744.0,BOTH(GASTAT),BOTH(GASTAT),BOTH(GASTAT),BOTH(GASTAT),BOTH(GASTAT),BOTH(GASTAT)
2020,Najran,569210792.0,110480000.0,2220118197.0,454314992.0,2789328989.0,564794992.0,BOTH(GASTAT),BOTH(GASTAT),BOTH(GASTAT),BOTH(GASTAT),BOTH(GASTAT),BOTH(GASTAT)
2020,Northern Borders,379159286.0,83999462.0,1347783540.0,267520333.0,1726942826.0,351519795.0,BOTH(GASTAT),BOTH(GASTAT),BOTH(GASTAT),BOTH(GASTAT),BOTH(GASTAT),BOTH(GASTAT)
2020,Qassim,1539416298.0,338333822.0,8498699680.0,1858909102.0,10038115978.0,2197242924.0,BOTH(GASTAT),BOTH(GASTAT),BOTH(GASTAT),BOTH(GASTAT),BOTH(GASTAT),BOTH(GASTAT)
2020,Riyadh,8390161686.0,1647747438.0,45171032799.0,10279799807.0,53561194485.0,11927547245.0,BOTH(GASTAT),BOTH(GASTAT),BOTH(GASTAT),BOTH(GASTAT),BOTH(GASTAT),BOTH(GASTAT)
2020,Tabuk,832394440.0,155716582.0,3616071416.0,690784672.0,4448465856.0,846501254.0,BOTH(GASTAT),BOTH(GASTAT),BOTH(GASTAT),BOTH(GASTAT),BOTH(GASTAT),BOTH(GASTAT)
2021,Al-Bahah,367849699.0,81175236.0,1464798031.0,322659766.0,1832647730.0,403835002.0,BOTH(GASTAT),BOTH(GASTAT),BOTH(GASTAT),BOTH(GASTAT),BOTH(GASTAT),BOTH(GASTAT)
2021,Al-Jouf,263994514.0,58868009.0,1231174711.0,295519925.0,1495169225.0,354387934.0,BOTH(GASTAT),BOTH(GASTAT),BOTH(GASTAT),BOTH(GASTAT),BOTH(GASTAT),BOTH(GASTAT)
2021,Asir,857927505.0,200717977.0,5091179063.0,1212442957.0,5949106568.0,1413160934.0,BOTH(GASTAT),BOTH(GASTAT),BOTH(GASTAT),BOTH(GASTAT),BOTH(GASTAT),BOTH(GASTAT)
2021,Eastern Region,2617365030.0,588371177.0,15924140065.0,3633160406.0,18541505095.0,4221531583.0,BOTH(GASTAT),BOTH(GASTAT),BOTH(GASTAT),BOTH(GASTAT),BOTH(GASTAT),BOTH(GASTAT)
2021,Hail,721039786.0,158073974.0,3592907778.0,794206659.0,4313947564.0,952280633.0,BOTH(GASTAT),BOTH(GASTAT),BOTH(GASTAT),BOTH(GASTAT),BOTH(GASTAT),BOTH(GASTAT)
2021,Jazan,987490903.0,217088274.0,4285544736.0,959358664.0,5273035639.0,1176446938.0,BOTH(GASTAT),BOTH(GASTAT),BOTH(GASTAT),BOTH(GASTAT),BOTH(GASTAT),BOTH(GASTAT)
2021,Madinah,1502964633.0,333905495.0,9535951637.0,2179868917.0,11038916270.0,2513774412.0,BOTH(GASTAT),BOTH(GASTAT),BOTH(GASTAT),BOTH(GASTAT),BOTH(GASTAT),BOTH(GASTAT)
2021,Makkah,9119507632.0,2009727458.0,45378765717.0,10433194472.0,54498273349.0,12442921930.0,BOTH(GASTAT),BOTH(GASTAT),BOTH(GASTAT),BOTH(GASTAT),BOTH(GASTAT),BOTH(GASTAT)
2021,Najran,429201785.0,95069179.0,1588964924.0,383180808.0,2018166709.0,478249987.0,BOTH(GASTAT),BOTH(GASTAT),BOTH(GASTAT),BOTH(GASTAT),BOTH(GASTAT),BOTH(GASTAT)
2021,Northern Borders,309277127.0,67334139.0,1235235280.0,279104695.0,1544512407.0,346438834.0,BOTH(GASTAT),BOTH(GASTAT),BOTH(GASTAT),BOTH(GASTAT),BOTH(GASTAT),BOTH(GASTAT)
2021,Qassim,1262290669.0,277701619.0,9423675533.0,2127845105.0,10685966202.0,2405546724.0,BOTH(GASTAT),BOTH(GASTAT),BOTH(GASTAT),BOTH(GASTAT),BOTH(GASTAT),BOTH(GASTAT)
2021,Riyadh,7796039221.0,1730985918.0,48478866294.0,11552922000.0,56274905515.0,13283907918.0,BOTH(GASTAT),BOTH(GASTAT),BOTH(GASTAT),BOTH(GASTAT),BOTH(GASTAT),BOTH(GASTAT)
2021,Tabuk,601998801.0,136078020.0,3260738261.0,734721740.0,3862737062.0,870799760.0,BOTH(GASTAT),BOTH(GASTAT),BOTH(GASTAT),BOTH(GASTAT),BOTH(GASTAT),BOTH(GASTAT)
2022,Al-Bahah,438511503.9631197,95129436.74375255,1744594147.6505747,374203654.8338293,2183105651.613694,469333091.5775818,KAPSARC,KAPSARC,KAPSARC,KAPSARC,KAPSARC,KAPSARC
2022,Al-Jouf,577782031.280273,124274911.48681298,1929485006.555684,411401253.0067384,2507267037.835957,535676164.4935514,BOTH(GASTAT),BOTH(GASTAT),BOTH(GASTAT),BOTH(GASTAT),BOTH(GASTAT),BOTH(GASTAT)
2022,Asir,1904918502.769524,414583416.7854677,7068160876.405769,1526917250.8940885,8973079379.175293,1941500667.679556,BOTH(GASTAT),BOTH(GASTAT),BOTH(GASTAT),BOTH(GASTAT),BOTH(GASTAT),BOTH(GASTAT)
2022,Eastern Region,3560456040.834077,775137570.7781062,22330217672.695526,4749091858.992446,25890673713.5296,5524229429.770552,BOTH(GASTAT),BOTH(GASTAT),BOTH(GASTAT),BOTH(GASTAT),BOTH(GASTAT),BOTH(GASTAT)
2022,Hail,916045926.675118,197964852.4964336,3554537683.625925,768668166.6378961,4470583610.301043,966633019.1343296,BOTH(GASTAT),BOTH(GASTAT),BOTH(GASTAT),BOTH(GASTAT),BOTH(GASTAT),BOTH(GASTAT)
2022,Jazan,1474368226.1921697,319863623.9876814,6363299962.5908575,1399549855.4882736,7837668188.783028,1719413479.475955,BOTH(GASTAT),BOTH(GASTAT),BOTH(GASTAT),BOTH(GASTAT),BOTH(GASTAT),BOTH(GASTAT)
2022,Madinah,1603432658.666758,351392203.2630456,9116706247.741154,1959853435.2443635,10720138906.407911,2311245638.507409,BOTH(GASTAT),BOTH(GASTAT),BOTH(GASTAT),BOTH(GASTAT),BOTH(GASTAT),BOTH(GASTAT)
2022,Makkah,6905449416.637841,1506458087.9232626,34857940792.14248,7484200719.778509,41763390208.78032,8990658807.70177,BOTH(GASTAT),BOTH(GASTAT),BOTH(GASTAT),BOTH(GASTAT),BOTH(GASTAT),BOTH(GASTAT)
2022,Najran,473619158.6473239,103258087.85763454,2217208939.165246,474613344.810183,2690828097.81257,577871432.6678176,BOTH(GASTAT),BOTH(GASTAT),BOTH(GASTAT),BOTH(GASTAT),BOTH(GASTAT),BOTH(GASTAT)
2022,Northern Borders,455981401.8889453,98825697.08041094,1767270866.0853336,390337957.2707812,2223252267.974279,489163654.3511922,BOTH(GASTAT),BOTH(GASTAT),BOTH(GASTAT),BOTH(GASTAT),BOTH(GASTAT),BOTH(GASTAT)
2022,Qassim,1319360022.1135771,285900564.70996886,7042941762.035676,1517744512.6265588,8362301784.149253,1803645077.336528,BOTH(GASTAT),BOTH(GASTAT),BOTH(GASTAT),BOTH(GASTAT),BOTH(GASTAT),BOTH(GASTAT)
2022,Riyadh,7051873187.09648,1530701468.4044638,41758614119.97405,9058109828.138418,48810487307.07053,10588811296.54288,BOTH(GASTAT),BOTH(GASTAT),BOTH(GASTAT),BOTH(GASTAT),BOTH(GASTAT),BOTH(GASTAT)
2022,Tabuk,879807667.6899235,190772517.6489249,3992525149.825624,858495393.3211132,4872332817.515548,1049267910.9700382,BOTH(GASTAT),BOTH(GASTAT),BOTH(GASTAT),BOTH(GASTAT),BOTH(GASTAT),BOTH(GASTAT)
