year,region_name,annual_kwh,annual_sar,kwh_lag1,kwh_lag2,kwh_roll3,kwh_yoy_pct,region_Al-Bahah,region_Al-Jouf,region_Asir,region_Eastern Region,region_Hail,region_Jazan,region_Madinah,region_Makkah,region_Najran,region_Northern Borders,region_Qassim,region_Riyadh,region_Tabuk
2019,Al-Bahah,2789681094.0,836616522.0,3214577055.0,3078128993.362812,3027462380.787604,-13.217787401895087,1,0,0,0,0,0,0,0,0,0,0,0,0
2020,Al-Bahah,2303504309.0,507143229.0,2789681094.0,3214577055.0,2769254152.6666665,-17.42768325905284,1,0,0,0,0,0,0,0,0,0,0,0,0
2021,Al-Bahah,1832647730.0,403835002.0,2303504309.0,2789681094.0,2308611044.3333335,-20.440881189599725,1,0,0,0,0,0,0,0,0,0,0,0,0
2022,Al-Bahah,2183105651.613694,469333091.5775818,1832647730.0,2303504309.0,2106419230.2045648,19.12303798906809,1,0,0,0,0,0,0,0,0,0,0,0,0
2019,Al-Jouf,3265981960.0,1122461237.0,5643290091.0,5588687122.230859,4832653057.743619,-42.126279044052076,0,1,0,0,0,0,0,0,0,0,0,0,0
2020,Al-Jouf,2593704416.0,641460900.0,3265981960.0,5643290091.0,3834325489.0,-20.58423935691305,0,1,0,0,0,0,0,0,0,0,0,0,0
2021,Al-Jouf,1495169225.0,354387934.0,2593704416.0,3265981960.0,2451618533.6666665,-42.35390834141989,0,1,0,0,0,0,0,0,0,0,0,0,0
2022,Al-Jouf,2507267037.835957,535676164.4935514,1495169225.0,2593704416.0,2198713559.6119857,67.6911881219303,0,1,0,0,0,0,0,0,0,0,0,0,0
2019,Asir,13625748398.0,4170282160.0,24780198852.0,24610534454.814148,21005493901.604717,-45.01356313006233,0,0,1,0,0,0,0,0,0,0,0,0,0
2020,Asir,10832588845.0,2455697225.0,13625748398.0,24780198852.0,16412845365.0,-20.499127617900115,0,0,1,0,0,0,0,0,0,0,0,0,0
2021,Asir,5949106568.0,1413160934.0,10832588845.0,13625748398.0,10135814603.666666,-45.08139602523611,0,0,1,0,0,0,0,0,0,0,0,0,0
2022,Asir,8973079379.175293,1941500667.679556,5949106568.0,10832588845.0,8584924930.725098,50.830705024534595,0,0,1,0,0,0,0,0,0,0,0,0,0
2019,Eastern Region,32484475163.0,11329072150.0,36141733496.0,35990505143.68883,34872237934.22961,-10.119211170113818,0,0,0,1,0,0,0,0,0,0,0,0,0
2020,Eastern Region,25039529172.0,6148415052.0,32484475163.0,36141733496.0,31221912610.333332,-22.918473989937926,0,0,0,1,0,0,0,0,0,0,0,0,0
2021,Eastern Region,18541505095.0,4221531583.0,25039529172.0,32484475163.0,25355169810.0,-25.951063346136305,0,0,0,1,0,0,0,0,0,0,0,0,0
2022,Eastern Region,25890673713.5296,5524229429.770552,18541505095.0,25039529172.0,23157235993.50987,39.636310973004086,0,0,0,1,0,0,0,0,0,0,0,0,0
2019,Hail,3861815623.0,888657499.0,5218320215.0,4982414407.964022,4687516748.654674,-25.99504315777218,0,0,0,0,1,0,0,0,0,0,0,0,0
2020,Hail,4313963103.0,865944215.0,3861815623.0,5218320215.0,4464699647.0,11.708158134405068,0,0,0,0,1,0,0,0,0,0,0,0,0
2021,Hail,4313947564.0,952280633.0,4313963103.0,3861815623.0,4163242096.6666665,-0.00036020243170398203,0,0,0,0,1,0,0,0,0,0,0,0,0
2022,Hail,4470583610.301043,966633019.1343296,4313947564.0,4313963103.0,4366164759.1003475,3.630921423528055,0,0,0,0,1,0,0,0,0,0,0,0,0
2019,Jazan,9397564226.0,2423470589.0,14750953202.0,14655084164.58215,12934533864.194052,-36.29181723167668,0,0,0,0,0,1,0,0,0,0,0,0,0
2020,Jazan,7805460602.0,1625031896.0,9397564226.0,14750953202.0,10651326010.0,-16.941662602264184,0,0,0,0,0,1,0,0,0,0,0,0,0
2021,Jazan,5273035639.0,1176446938.0,7805460602.0,9397564226.0,7492020155.666667,-32.44427320984894,0,0,0,0,0,1,0,0,0,0,0,0,0
2022,Jazan,7837668188.783028,1719413479.475955,5273035639.0,7805460602.0,6972054809.927676,48.636738405761946,0,0,0,0,0,1,0,0,0,0,0,0,0
2019,Madinah,13323863197.0,3552195584.0,15479286644.0,15393898774.478258,14732349538.492752,-13.924565754039275,0,0,0,0,0,0,1,0,0,0,0,0,0
2020,Madinah,12326096873.0,2637497156.0,13323863197.0,15479286644.0,13709748904.666666,-7.48856626075729,0,0,0,0,0,0,1,0,0,0,0,0,0
2021,Madinah,11038916270.0,2513774412.0,12326096873.0,13323863197.0,12229625446.666666,-10.442726649500344,0,0,0,0,0,0,1,0,0,0,0,0,0
2022,Madinah,10720138906.407911,2311245638.507409,11038916270.0,12326096873.0,11361717349.802637,-2.8877595933798017,0,0,0,0,0,0,1,0,0,0,0,0,0
2019,Makkah,49646990867.0,12489950209.0,65594746995.0,65176664348.38674,60139467403.46225,-24.312550712659398,0,0,0,0,0,0,0,1,0,0,0,0,0
2020,Makkah,54697403161.0,11578548744.0,49646990867.0,65594746995.0,56646380341.0,10.172645322109485,0,0,0,0,0,0,0,1,0,0,0,0,0
2021,Makkah,54498273349.0,12442921930.0,54697403161.0,49646990867.0,52947555792.333336,-0.3640571590096675,0,0,0,0,0,0,0,1,0,0,0,0,0
2022,Makkah,41763390208.78032,8990658807.70177,54498273349.0,54697403161.0,50319688906.2601,-23.367498376814822,0,0,0,0,0,0,0,1,0,0,0,0,0
2019,Najran,3311651001.0,788501856.0,4829334084.0,4791336394.269204,4310773826.423068,-31.426342775253737,0,0,0,0,0,0,0,0,1,0,0,0,0
2020,Najran,2789328989.0,564794992.0,3311651001.0,4829334084.0,3643438024.6666665,-15.772254136751652,0,0,0,0,0,0,0,0,1,0,0,0,0
2021,Najran,2018166709.0,478249987.0,2789328989.0,3311651001.0,2706382233.0,-27.646874321428417,0,0,0,0,0,0,0,0,1,0,0,0,0
2022,Najran,2690828097.81257,577871432.6678176,2018166709.0,2789328989.0,2499441265.270857,33.330318343516495,0,0,0,0,0,0,0,0,1,0,0,0,0
2019,Northern Borders,1846945350.0,440027650.0,2216659455.0,2142165202.338097,2068590002.4460323,-16.67888606732332,0,0,0,0,0,0,0,0,0,1,0,0,0
2020,Northern Borders,1726942826.0,351519795.0,1846945350.0,2216659455.0,1930182543.6666667,-6.497351099208215,0,0,0,0,0,0,0,0,0,1,0,0,0
2021,Northern Borders,1544512407.0,346438834.0,1726942826.0,1846945350.0,1706133527.6666667,-10.56377873392318,0,0,0,0,0,0,0,0,0,1,0,0,0
2022,Northern Borders,2223252267.974279,489163654.3511922,1544512407.0,1726942826.0,1831569166.9914265,43.94525145269868,0,0,0,0,0,0,0,0,0,1,0,0,0
2019,Qassim,8292713388.0,2418167922.0,10937520259.0,10384493122.639912,9871575589.87997,-24.18104660262188,0,0,0,0,0,0,0,0,0,0,1,0,0
2020,Qassim,10038115978.0,2197242924.0,8292713388.0,10937520259.0,9756116541.666666,21.047424507950453,0,0,0,0,0,0,0,0,0,0,1,0,0
2021,Qassim,10685966202.0,2405546724.0,10038115978.0,8292713388.0,9672265189.333334,6.453902559203928,0,0,0,0,0,0,0,0,0,0,1,0,0
2022,Qassim,8362301784.149253,1803645077.336528,10685966202.0,10038115978.0,9695461321.383085,-21.745009987172214,0,0,0,0,0,0,0,0,0,0,1,0,0
2019,Riyadh,40748603259.0,11431943354.0,68331532811.0,67967321953.576935,59015819341.192314,-40.366326375690065,0,0,0,0,0,0,0,0,0,0,0,1,0
2020,Riyadh,53561194485.0,11927547245.0,40748603259.0,68331532811.0,54213776851.666664,31.443019395198846,0,0,0,0,0,0,0,0,0,0,0,1,0
2021,Riyadh,56274905515.0,13283907918.0,53561194485.0,40748603259.0,50194901086.333336,5.066561819789106,0,0,0,0,0,0,0,0,0,0,0,1,0
2022,Riyadh,48810487307.07053,10588811296.54288,56274905515.0,53561194485.0,52882195769.023506,-13.264203892692162,0,0,0,0,0,0,0,0,0,0,0,1,0
2019,Tabuk,4895356711.0,978495394.0,5897599322.0,5697071041.169495,5496675691.389832,-16.994077696348462,0,0,0,0,0,0,0,0,0,0,0,0,1
2020,Tabuk,4448465856.0,846501254.0,4895356711.0,5897599322.0,5080473963.0,-9.128872141141908,0,0,0,0,0,0,0,0,0,0,0,0,1
2021,Tabuk,3862737062.0,870799760.0,4448465856.0,4895356711.0,4402186543.0,-13.166984146005777,0,0,0,0,0,0,0,0,0,0,0,0,1
2022,Tabuk,4872332817.515548,1049267910.9700382,3862737062.0,4448465856.0,4394511911.838516,26.136797284172687,0,0,0,0,0,0,0,0,0,0,0,0,1
