year,region,winter_consumption_kwh,rest_of_year_consumption_kwh,winter_cost_sar,rest_of_year_cost_sar,selected_source,source_file,source_sheet,selection_justification,corroborating_source,annual_consumption_kwh,annual_cost_sar,average_cost_sar_per_kwh,winter_consumption_share_pct,geographic_resolution,temporal_resolution
2017,Al-Bahah,633322853.3628119,2444806140.0,42419719.04067979,202643571.97854495,Independent supplied household CSV,houses-consumption-and-cost-of-electricity-in-the-administrative-regions- (2).csv,,CSV selected because it is the only supplied authoritative source for 2017–2018; publisher/provenance metadata should be completed in the source registry.,,3078128993.362812,245063291.01922473,0.07961436689223884,20.57492894964469,Administrative region,Annual
2017,Al-Jouf,1047155811.2308588,4541531311.0,53629863.13256977,243302753.4213392,Independent supplied household CSV,houses-consumption-and-cost-of-electricity-in-the-administrative-regions- (2).csv,,CSV selected because it is the only supplied authoritative source for 2017–2018; publisher/provenance metadata should be completed in the source registry.,,5588687122.230859,296932616.553909,0.05313101450477715,18.73706271845938,Administrative region,Annual
2017,Al-Qassim,1682430847.639912,8702062275.0,115254648.24871904,714747363.3142709,Independent supplied household CSV,houses-consumption-and-cost-of-electricity-in-the-administrative-regions- (2).csv,,CSV selected because it is the only supplied authoritative source for 2017–2018; publisher/provenance metadata should be completed in the source registry.,,10384493122.639912,830002011.56299,0.07992706064328246,16.201376685126156,Administrative region,Annual
2017,Asir,4146428088.81415,20464106366.0,275512194.7045303,1969645445.2545493,Independent supplied household CSV,houses-consumption-and-cost-of-electricity-in-the-administrative-regions- (2).csv,,CSV selected because it is the only supplied authoritative source for 2017–2018; publisher/provenance metadata should be completed in the source registry.,,24610534454.814148,2245157639.9590797,0.09122750438765449,16.848183839433254,Administrative region,Annual
2017,Eastern Region,5262775051.688831,30727730092.0,359183064.6755376,3165695573.42404,Independent supplied household CSV,houses-consumption-and-cost-of-electricity-in-the-administrative-regions- (2).csv,,CSV selected because it is the only supplied authoritative source for 2017–2018; publisher/provenance metadata should be completed in the source registry.,,35990505143.68883,3524878638.0995774,0.09793912655648536,14.622676260523933,Administrative region,Annual
2017,Hail,1056543108.964022,3925871299.0,73455021.09765667,321251274.1050998,Independent supplied household CSV,houses-consumption-and-cost-of-electricity-in-the-administrative-regions- (2).csv,,CSV selected because it is the only supplied authoritative source for 2017–2018; publisher/provenance metadata should be completed in the source registry.,,4982414407.964022,394706295.20275646,0.07921988475544058,21.20544423754106,Administrative region,Annual
2017,Jazan,2324786700.582149,12330297464.0,149979130.84358788,1136274518.6838713,Independent supplied household CSV,houses-consumption-and-cost-of-electricity-in-the-administrative-regions- (2).csv,,CSV selected because it is the only supplied authoritative source for 2017–2018; publisher/provenance metadata should be completed in the source registry.,,14655084164.58215,1286253649.5274591,0.08776842460147913,15.863345951984398,Administrative region,Annual
2017,Madinah,2458903536.478258,12934995238.0,161679183.34053198,1155048654.4745312,Independent supplied household CSV,houses-consumption-and-cost-of-electricity-in-the-administrative-regions- (2).csv,,CSV selected because it is the only supplied authoritative source for 2017–2018; publisher/provenance metadata should be completed in the source registry.,,15393898774.478258,1316727837.8150632,0.08553569547943782,15.973234412551196,Administrative region,Annual
2017,Makkah,10225556784.386744,54951107564.0,673039064.4824653,5151689960.917025,Independent supplied household CSV,houses-consumption-and-cost-of-electricity-in-the-administrative-regions- (2).csv,,CSV selected because it is the only supplied authoritative source for 2017–2018; publisher/provenance metadata should be completed in the source registry.,,65176664348.38674,5824729025.39949,0.08936832045077901,15.688984526315124,Administrative region,Annual
2017,Najran,767280686.2692041,4024055708.0,54296994.89760524,451502210.43434113,Independent supplied household CSV,houses-consumption-and-cost-of-electricity-in-the-administrative-regions- (2).csv,,CSV selected because it is the only supplied authoritative source for 2017–2018; publisher/provenance metadata should be completed in the source registry.,,4791336394.269204,505799205.3319464,0.10556537126821652,16.013918104079046,Administrative region,Annual
2017,Northern Borders,461492447.338097,1680672755.0,28935953.668130457,124393718.41279708,Independent supplied household CSV,houses-consumption-and-cost-of-electricity-in-the-administrative-regions- (2).csv,,CSV selected because it is the only supplied authoritative source for 2017–2018; publisher/provenance metadata should be completed in the source registry.,,2142165202.338097,153329672.08092755,0.07157695957042606,21.54327065132019,Administrative region,Annual
2017,Riyadh,9656113094.576937,58311208859.0,646321544.558405,5000680818.49279,Independent supplied household CSV,houses-consumption-and-cost-of-electricity-in-the-administrative-regions- (2).csv,,CSV selected because it is the only supplied authoritative source for 2017–2018; publisher/provenance metadata should be completed in the source registry.,,67967321953.576935,5647002363.051195,0.08308407924190706,14.20699362139391,Administrative region,Annual
2017,Tabuk,1111825199.1694949,4585245842.0,73810717.035593,360078967.36779565,Independent supplied household CSV,houses-consumption-and-cost-of-electricity-in-the-administrative-regions- (2).csv,,CSV selected because it is the only supplied authoritative source for 2017–2018; publisher/provenance metadata should be completed in the source registry.,,5697071041.169495,433889684.4033886,0.07616013233254676,19.51573345557684,Administrative region,Annual
2018,Al-Bahah,645193315.0,2569383740.0,44982179.0,216447376.0,Independent supplied household CSV,houses-consumption-and-cost-of-electricity-in-the-administrative-regions- (2).csv,,CSV selected because it is the only supplied authoritative source for 2017–2018; publisher/provenance metadata should be completed in the source registry.,,3214577055.0,261429555.0,0.08132626797462163,20.070861701587052,Administrative region,Annual
2018,Al-Jouf,1064310433.0,4578979658.0,117615170.0,710136919.0,Independent supplied household CSV,houses-consumption-and-cost-of-electricity-in-the-administrative-regions- (2).csv,,CSV selected because it is the only supplied authoritative source for 2017–2018; publisher/provenance metadata should be completed in the source registry.,,5643290091.0,827752089.0,0.14667898967662693,18.85975053271455,Administrative region,Annual
2018,Al-Qassim,1850955238.0,9086565021.0,124437945.0,797739786.0,Independent supplied household CSV,houses-consumption-and-cost-of-electricity-in-the-administrative-regions- (2).csv,,CSV selected because it is the only supplied authoritative source for 2017–2018; publisher/provenance metadata should be completed in the source registry.,,10937520259.0,922177731.0,0.0843132363792589,16.922987973228494,Administrative region,Annual
2018,Asir,4195317852.0,20584881000.0,388496914.0,2808175606.0,Independent supplied household CSV,houses-consumption-and-cost-of-electricity-in-the-administrative-regions- (2).csv,,CSV selected because it is the only supplied authoritative source for 2017–2018; publisher/provenance metadata should be completed in the source registry.,,24780198852.0,3196672520.0,0.12900108425651305,16.930121816441346,Administrative region,Annual
2018,Eastern Region,5317397646.0,30824335850.0,395266313.0,3099368423.0,Independent supplied household CSV,houses-consumption-and-cost-of-electricity-in-the-administrative-regions- (2).csv,,CSV selected because it is the only supplied authoritative source for 2017–2018; publisher/provenance metadata should be completed in the source registry.,,36141733496.0,3494634736.0,0.09669250470198863,14.712624801432131,Administrative region,Annual
2018,Hail,1062374669.0,4155945546.0,87337222.0,387834754.0,Independent supplied household CSV,houses-consumption-and-cost-of-electricity-in-the-administrative-regions- (2).csv,,CSV selected because it is the only supplied authoritative source for 2017–2018; publisher/provenance metadata should be completed in the source registry.,,5218320215.0,475171976.0,0.091058416582816,20.35855649383525,Administrative region,Annual
2018,Jazan,2356158024.0,12394795178.0,209266763.0,1613227580.0,Independent supplied household CSV,houses-consumption-and-cost-of-electricity-in-the-administrative-regions- (2).csv,,CSV selected because it is the only supplied authoritative source for 2017–2018; publisher/provenance metadata should be completed in the source registry.,,14750953202.0,1822494343.0,0.12355095416836508,15.972920473237902,Administrative region,Annual
2018,Madinah,2476853485.0,13002433159.0,160472919.0,1142518355.0,Independent supplied household CSV,houses-consumption-and-cost-of-electricity-in-the-administrative-regions- (2).csv,,CSV selected because it is the only supplied authoritative source for 2017–2018; publisher/provenance metadata should be completed in the source registry.,,15479286644.0,1302991274.0,0.08417644197480241,16.001082879100665,Administrative region,Annual
2018,Makkah,10494999897.0,55099747098.0,714318115.0,5583934956.0,Independent supplied household CSV,houses-consumption-and-cost-of-electricity-in-the-administrative-regions- (2).csv,,CSV selected because it is the only supplied authoritative source for 2017–2018; publisher/provenance metadata should be completed in the source registry.,,65594746995.0,6298253071.0,0.0960176440878732,15.999756653989364,Administrative region,Annual
2018,Najran,779758990.0,4049575094.0,56837010.0,406724274.0,Independent supplied household CSV,houses-consumption-and-cost-of-electricity-in-the-administrative-regions- (2).csv,,CSV selected because it is the only supplied authoritative source for 2017–2018; publisher/provenance metadata should be completed in the source registry.,,4829334084.0,463561284.0,0.09598865515140452,16.146304571957625,Administrative region,Annual
2018,Northern Borders,464963984.0,1751695471.0,34654249.0,160173685.0,Independent supplied household CSV,houses-consumption-and-cost-of-electricity-in-the-administrative-regions- (2).csv,,CSV selected because it is the only supplied authoritative source for 2017–2018; publisher/provenance metadata should be completed in the source registry.,,2216659455.0,194827934.0,0.08789258700092027,20.975887069671693,Administrative region,Annual
2018,Riyadh,9687768245.0,58643764566.0,704968500.0,6788343838.0,Independent supplied household CSV,houses-consumption-and-cost-of-electricity-in-the-administrative-regions- (2).csv,,CSV selected because it is the only supplied authoritative source for 2017–2018; publisher/provenance metadata should be completed in the source registry.,,68331532811.0,7493312338.0,0.10966111880917338,14.17759538893362,Administrative region,Annual
2018,Tabuk,1119707072.0,4777892250.0,76501190.0,408817758.0,Independent supplied household CSV,houses-consumption-and-cost-of-electricity-in-the-administrative-regions- (2).csv,,CSV selected because it is the only supplied authoritative source for 2017–2018; publisher/provenance metadata should be completed in the source registry.,,5897599322.0,485318948.0,0.08229093254768928,18.985811189700893,Administrative region,Annual
2019,Al-Bahah,583781957.0,2205899137.0,153285758.0,683330764.0,GASTAT original workbook,HouseholdEnergyStatistics2019En.xlsx,76,Original GASTAT publication selected; independent supplied CSV agrees within tolerance.,houses-consumption-and-cost-of-electricity-in-the-administrative-regions- (2).csv,2789681094.0,836616522.0,0.29989683186346316,20.926476444049054,Administrative region,Annual
2019,Al-Jouf,700853935.0,2565128025.0,178038911.0,944422326.0,GASTAT original workbook,HouseholdEnergyStatistics2019En.xlsx,76,Original GASTAT publication selected; independent supplied CSV agrees within tolerance.,houses-consumption-and-cost-of-electricity-in-the-administrative-regions- (2).csv,3265981960.0,1122461237.0,0.34368262003504757,21.45921023397202,Administrative region,Annual
2019,Al-Qassim,1937898085.0,6354815303.0,566546168.0,1851621754.0,GASTAT original workbook,HouseholdEnergyStatistics2019En.xlsx,76,Original GASTAT publication selected; independent supplied CSV agrees within tolerance.,houses-consumption-and-cost-of-electricity-in-the-administrative-regions- (2).csv,8292713388.0,2418167922.0,0.29160153123092597,23.368685185770946,Administrative region,Annual
2019,Asir,2996611212.0,10629137186.0,675309400.0,3494972760.0,GASTAT original workbook,HouseholdEnergyStatistics2019En.xlsx,76,Original GASTAT publication selected; independent supplied CSV agrees within tolerance.,houses-consumption-and-cost-of-electricity-in-the-administrative-regions- (2).csv,13625748398.0,4170282160.0,0.3060589435668809,21.992268787524694,Administrative region,Annual
2019,Eastern Region,4294128877.0,28190346286.0,952025741.0,10377046409.0,GASTAT original workbook,HouseholdEnergyStatistics2019En.xlsx,76,Original GASTAT publication selected; independent supplied CSV agrees within tolerance.,houses-consumption-and-cost-of-electricity-in-the-administrative-regions- (2).csv,32484475163.0,11329072150.0,0.3487534304664979,13.219018794217853,Administrative region,Annual
2019,Hail,931962566.0,2929853057.0,236304535.0,652352964.0,GASTAT original workbook,HouseholdEnergyStatistics2019En.xlsx,76,Original GASTAT publication selected; independent supplied CSV agrees within tolerance.,houses-consumption-and-cost-of-electricity-in-the-administrative-regions- (2).csv,3861815623.0,888657499.0,0.2301139116293849,24.132756635233076,Administrative region,Annual
2019,Jazan,2287978519.0,7109585707.0,583000149.0,1840470440.0,GASTAT original workbook,HouseholdEnergyStatistics2019En.xlsx,76,Original GASTAT publication selected; independent supplied CSV agrees within tolerance.,houses-consumption-and-cost-of-electricity-in-the-administrative-regions- (2).csv,9397564226.0,2423470589.0,0.2578828439708926,24.346505796362727,Administrative region,Annual
2019,Madinah,2896966402.0,10426896795.0,619823275.0,2932372309.0,GASTAT original workbook,HouseholdEnergyStatistics2019En.xlsx,76,Original GASTAT publication selected; independent supplied CSV agrees within tolerance.,houses-consumption-and-cost-of-electricity-in-the-administrative-regions- (2).csv,13323863197.0,3552195584.0,0.26660402703622865,21.74269098359011,Administrative region,Annual
2019,Makkah,9811340713.0,39835650154.0,2019019112.0,10470931097.0,GASTAT original workbook,HouseholdEnergyStatistics2019En.xlsx,76,Original GASTAT publication selected; independent supplied CSV agrees within tolerance.,houses-consumption-and-cost-of-electricity-in-the-administrative-regions- (2).csv,49646990867.0,12489950209.0,0.25157517083884295,19.76220621161861,Administrative region,Annual
2019,Najran,743954708.0,2567696293.0,168123136.0,620378720.0,GASTAT original workbook,HouseholdEnergyStatistics2019En.xlsx,76,Original GASTAT publication selected; independent supplied CSV agrees within tolerance.,houses-consumption-and-cost-of-electricity-in-the-administrative-regions- (2).csv,3311651001.0,788501856.0,0.23809932138437917,22.464767808424025,Administrative region,Annual
2019,Northern Borders,476021255.0,1370924095.0,142002715.0,298024935.0,GASTAT original workbook,HouseholdEnergyStatistics2019En.xlsx,76,Original GASTAT publication selected; independent supplied CSV agrees within tolerance.,houses-consumption-and-cost-of-electricity-in-the-administrative-regions- (2).csv,1846945350.0,440027650.0,0.23824616683974975,25.773434768928055,Administrative region,Annual
2019,Riyadh,8929603334.0,31818999925.0,1952659947.0,9479283407.0,GASTAT original workbook,HouseholdEnergyStatistics2019En.xlsx,76,Original GASTAT publication selected; independent supplied CSV agrees within tolerance.,houses-consumption-and-cost-of-electricity-in-the-administrative-regions- (2).csv,40748603259.0,11431943354.0,0.2805481032402029,21.91388813315399,Administrative region,Annual
2019,Tabuk,1149529403.0,3745827308.0,234601401.0,743893993.0,GASTAT original workbook,HouseholdEnergyStatistics2019En.xlsx,76,Original GASTAT publication selected; independent supplied CSV agrees within tolerance.,houses-consumption-and-cost-of-electricity-in-the-administrative-regions- (2).csv,4895356711.0,978495394.0,0.19988234806286825,23.482035546398,Administrative region,Annual
2020,Al-Bahah,469165147.0,1834339162.0,96607805.0,410535424.0,GASTAT original workbook,HouseholdEnergyStatistics2020En.xlsx,25,Original GASTAT publication selected; independent supplied CSV agrees within tolerance.,houses-consumption-and-cost-of-electricity-in-the-administrative-regions- (2).csv,2303504309.0,507143229.0,0.22016161507427856,20.367452544669842,Administrative region,Annual
2020,Al-Jouf,503142337.0,2090562079.0,101309290.0,540151610.0,GASTAT original workbook,HouseholdEnergyStatistics2020En.xlsx,25,Original GASTAT publication selected; independent supplied CSV agrees within tolerance.,houses-consumption-and-cost-of-electricity-in-the-administrative-regions- (2).csv,2593704416.0,641460900.0,0.24731457294939502,19.398599697645732,Administrative region,Annual
2020,Al-Qassim,1539416298.0,8498699680.0,338333822.0,1858909102.0,GASTAT original workbook,HouseholdEnergyStatistics2020En.xlsx,25,Original GASTAT publication selected; independent supplied CSV agrees within tolerance.,houses-consumption-and-cost-of-electricity-in-the-administrative-regions- (2).csv,10038115978.0,2197242924.0,0.21888997186479808,15.335709423699189,Administrative region,Annual
2020,Asir,1945750042.0,8886838803.0,363141089.0,2092556136.0,GASTAT original workbook,HouseholdEnergyStatistics2020En.xlsx,25,Original GASTAT publication selected; independent supplied CSV agrees within tolerance.,houses-consumption-and-cost-of-electricity-in-the-administrative-regions- (2).csv,10832588845.0,2455697225.0,0.22669532280212745,17.962004003300652,Administrative region,Annual
2020,Eastern Region,3482159360.0,21557369812.0,664686072.0,5483728980.0,GASTAT original workbook,HouseholdEnergyStatistics2020En.xlsx,25,Original GASTAT publication selected; independent supplied CSV agrees within tolerance.,houses-consumption-and-cost-of-electricity-in-the-administrative-regions- (2).csv,25039529172.0,6148415052.0,0.245548349162865,13.906648707651668,Administrative region,Annual
2020,Hail,830065564.0,3483897539.0,170320313.0,695623902.0,GASTAT original workbook,HouseholdEnergyStatistics2020En.xlsx,25,Original GASTAT publication selected; independent supplied CSV agrees within tolerance.,houses-consumption-and-cost-of-electricity-in-the-administrative-regions- (2).csv,4313963103.0,865944215.0,0.20073055664240808,19.241369111913798,Administrative region,Annual
2020,Jazan,1554582668.0,6250877934.0,320517165.0,1304514731.0,GASTAT original workbook,HouseholdEnergyStatistics2020En.xlsx,25,Original GASTAT publication selected; independent supplied CSV agrees within tolerance.,houses-consumption-and-cost-of-electricity-in-the-administrative-regions- (2).csv,7805460602.0,1625031896.0,0.20819167232534833,19.916603865781706,Administrative region,Annual
2020,Madinah,2040377831.0,10285719042.0,390820207.0,2246676949.0,GASTAT original workbook,HouseholdEnergyStatistics2020En.xlsx,25,Original GASTAT publication selected; independent supplied CSV agrees within tolerance.,houses-consumption-and-cost-of-electricity-in-the-administrative-regions- (2).csv,12326096873.0,2637497156.0,0.21397666943356336,16.55331652852247,Administrative region,Annual
2020,Makkah,9513673122.0,45183730039.0,1827323739.0,9751225005.0,GASTAT original workbook,HouseholdEnergyStatistics2020En.xlsx,25,Original GASTAT publication selected; independent supplied CSV agrees within tolerance.,houses-consumption-and-cost-of-electricity-in-the-administrative-regions- (2).csv,54697403161.0,11578548744.0,0.21168370114242763,17.393281165463776,Administrative region,Annual
2020,Najran,569210792.0,2220118197.0,110480000.0,454314992.0,GASTAT original workbook,HouseholdEnergyStatistics2020En.xlsx,25,Original GASTAT publication selected; independent supplied CSV agrees within tolerance.,houses-consumption-and-cost-of-electricity-in-the-administrative-regions- (2).csv,2789328989.0,564794992.0,0.20248417960998003,20.406728437009047,Administrative region,Annual
2020,Northern Borders,379159286.0,1347783540.0,83999462.0,267520333.0,GASTAT original workbook,HouseholdEnergyStatistics2020En.xlsx,25,Original GASTAT publication selected; independent supplied CSV agrees within tolerance.,houses-consumption-and-cost-of-electricity-in-the-administrative-regions- (2).csv,1726942826.0,351519795.0,0.20355033745627893,21.955520489246354,Administrative region,Annual
2020,Riyadh,8390161686.0,45171032799.0,1647747438.0,10279799807.0,GASTAT original workbook,HouseholdEnergyStatistics2020En.xlsx,25,Original GASTAT publication selected; independent supplied CSV agrees within tolerance.,houses-consumption-and-cost-of-electricity-in-the-administrative-regions- (2).csv,53561194485.0,11927547245.0,0.22269009045980764,15.664627659395636,Administrative region,Annual
2020,Tabuk,832394440.0,3616071416.0,155716582.0,690784672.0,GASTAT original workbook,HouseholdEnergyStatistics2020En.xlsx,25,Original GASTAT publication selected; independent supplied CSV agrees within tolerance.,houses-consumption-and-cost-of-electricity-in-the-administrative-regions- (2).csv,4448465856.0,846501254.0,0.19029060386251057,18.711944003735205,Administrative region,Annual
2021,Al-Bahah,367849699.0,1464798031.0,81175236.0,322659766.0,GASTAT original workbook,HouseholdEnergyStatistics2021En.xlsx,27,Original GASTAT publication selected; independent supplied CSV agrees within tolerance.,houses-consumption-and-cost-of-electricity-in-the-administrative-regions- (2).csv,1832647730.0,403835002.0,0.22035604300232867,20.072035284162332,Administrative region,Annual
2021,Al-Jouf,263994514.0,1231174711.0,58868009.0,295519925.0,GASTAT original workbook,HouseholdEnergyStatistics2021En.xlsx,27,Original GASTAT publication selected; independent supplied CSV agrees within tolerance.,houses-consumption-and-cost-of-electricity-in-the-administrative-regions- (2).csv,1495169225.0,354387934.0,0.2370219558257695,17.656497310530185,Administrative region,Annual
2021,Al-Qassim,1262290669.0,9423675533.0,277701619.0,2127845105.0,GASTAT original workbook,HouseholdEnergyStatistics2021En.xlsx,27,Original GASTAT publication selected; independent supplied CSV agrees within tolerance.,houses-consumption-and-cost-of-electricity-in-the-administrative-regions- (2).csv,10685966202.0,2405546724.0,0.2251127018864962,11.812602109519567,Administrative region,Annual
2021,Asir,857927505.0,5091179063.0,200717977.0,1212442957.0,GASTAT original workbook,HouseholdEnergyStatistics2021En.xlsx,27,Original GASTAT publication selected; independent supplied CSV agrees within tolerance.,houses-consumption-and-cost-of-electricity-in-the-administrative-regions- (2).csv,5949106568.0,1413160934.0,0.23754170779211364,14.42111509003313,Administrative region,Annual
2021,Eastern Region,2617365030.0,15924140065.0,588371177.0,3633160406.0,GASTAT original workbook,HouseholdEnergyStatistics2021En.xlsx,27,Original GASTAT publication selected; independent supplied CSV agrees within tolerance.,houses-consumption-and-cost-of-electricity-in-the-administrative-regions- (2).csv,18541505095.0,4221531583.0,0.22768009184639496,14.116249013171064,Administrative region,Annual
2021,Hail,721039786.0,3592907778.0,158073974.0,794206659.0,GASTAT original workbook,HouseholdEnergyStatistics2021En.xlsx,27,Original GASTAT publication selected; independent supplied CSV agrees within tolerance.,houses-consumption-and-cost-of-electricity-in-the-administrative-regions- (2).csv,4313947564.0,952280633.0,0.22074460082612168,16.71415276386517,Administrative region,Annual
2021,Jazan,987490903.0,4285544736.0,217088274.0,959358664.0,GASTAT original workbook,HouseholdEnergyStatistics2021En.xlsx,27,Original GASTAT publication selected; independent supplied CSV agrees within tolerance.,houses-consumption-and-cost-of-electricity-in-the-administrative-regions- (2).csv,5273035639.0,1176446938.0,0.22310619888453972,18.727180520010137,Administrative region,Annual
2021,Madinah,1502964633.0,9535951637.0,333905495.0,2179868917.0,GASTAT original workbook,HouseholdEnergyStatistics2021En.xlsx,27,Original GASTAT publication selected; independent supplied CSV agrees within tolerance.,houses-consumption-and-cost-of-electricity-in-the-administrative-regions- (2).csv,11038916270.0,2513774412.0,0.22771931143563243,13.61514659808177,Administrative region,Annual
2021,Makkah,9119507632.0,45378765717.0,2009727458.0,10433194472.0,GASTAT original workbook,HouseholdEnergyStatistics2021En.xlsx,27,Original GASTAT publication selected; independent supplied CSV agrees within tolerance.,houses-consumption-and-cost-of-electricity-in-the-administrative-regions- (2).csv,54498273349.0,12442921930.0,0.228317727615279,16.7335716740966,Administrative region,Annual
2021,Najran,429201785.0,1588964924.0,95069179.0,383180808.0,GASTAT original workbook,HouseholdEnergyStatistics2021En.xlsx,27,Original GASTAT publication selected; independent supplied CSV agrees within tolerance.,houses-consumption-and-cost-of-electricity-in-the-administrative-regions- (2).csv,2018166709.0,478249987.0,0.23697248838128565,21.26691432803731,Administrative region,Annual
2021,Northern Borders,309277127.0,1235235280.0,67334139.0,279104695.0,GASTAT original workbook,HouseholdEnergyStatistics2021En.xlsx,27,Original GASTAT publication selected; independent supplied CSV agrees within tolerance.,houses-consumption-and-cost-of-electricity-in-the-administrative-regions- (2).csv,1544512407.0,346438834.0,0.2243030437501691,20.024256561378337,Administrative region,Annual
2021,Riyadh,7796039221.0,48478866294.0,1730985918.0,11552922000.0,GASTAT original workbook,HouseholdEnergyStatistics2021En.xlsx,27,Original GASTAT publication selected; independent supplied CSV agrees within tolerance.,houses-consumption-and-cost-of-electricity-in-the-administrative-regions- (2).csv,56274905515.0,13283907918.0,0.23605384667343762,13.853491444640412,Administrative region,Annual
2021,Tabuk,601998801.0,3260738261.0,136078020.0,734721740.0,GASTAT original workbook,HouseholdEnergyStatistics2021En.xlsx,27,Original GASTAT publication selected; independent supplied CSV agrees within tolerance.,houses-consumption-and-cost-of-electricity-in-the-administrative-regions- (2).csv,3862737062.0,870799760.0,0.22543593985895796,15.584772956000908,Administrative region,Annual
2022,Al-Bahah,438511503.9631197,1744594147.6505747,95129436.74375257,374203654.83382934,GASTAT original workbook,HouseholdEnergyStatistics2022En.xlsx,1-2,Original GASTAT publication selected; independent supplied CSV agrees within tolerance.,houses-consumption-and-cost-of-electricity-in-the-administrative-regions- (2).csv,2183105651.613694,469333091.5775819,0.2149841402456465,20.08659102865606,Administrative region,Annual
2022,Al-Jouf,577782031.280273,1929485006.555684,124274911.48681298,411401253.00673836,GASTAT original workbook,HouseholdEnergyStatistics2022En.xlsx,1-2,Original GASTAT publication selected; independent supplied CSV agrees within tolerance.,houses-consumption-and-cost-of-electricity-in-the-administrative-regions- (2).csv,2507267037.835957,535676164.4935514,0.21364942641127604,23.04429574358228,Administrative region,Annual
2022,Al-Qassim,1319360022.1135771,7042941762.035676,285900564.70996886,1517744512.6265588,GASTAT original workbook,HouseholdEnergyStatistics2022En.xlsx,1-2,Original GASTAT publication selected; independent supplied CSV agrees within tolerance.,houses-consumption-and-cost-of-electricity-in-the-administrative-regions- (2).csv,8362301784.149253,1803645077.3365276,0.21568763289018553,15.777474386471255,Administrative region,Annual
2022,Asir,1904918502.7695234,7068160876.405769,414583416.78546774,1526917250.8940885,GASTAT original workbook,HouseholdEnergyStatistics2022En.xlsx,1-2,Original GASTAT publication selected; independent supplied CSV agrees within tolerance.,houses-consumption-and-cost-of-electricity-in-the-administrative-regions- (2).csv,8973079379.175293,1941500667.6795564,0.2163694965393249,21.229261686801244,Administrative region,Annual
2022,Eastern Region,3560456040.834077,22330217672.695526,775137570.7781062,4749091858.992446,GASTAT original workbook,HouseholdEnergyStatistics2022En.xlsx,1-2,Original GASTAT publication selected; independent supplied CSV agrees within tolerance.,houses-consumption-and-cost-of-electricity-in-the-administrative-regions- (2).csv,25890673713.529602,5524229429.770552,0.2133675427257721,13.751886413730135,Administrative region,Annual
2022,Hail,916045926.6751179,3554537683.625925,197964852.49643362,768668166.6378961,GASTAT original workbook,HouseholdEnergyStatistics2022En.xlsx,1-2,Original GASTAT publication selected; independent supplied CSV agrees within tolerance.,houses-consumption-and-cost-of-electricity-in-the-administrative-regions- (2).csv,4470583610.301043,966633019.1343297,0.21622076744231566,20.490522189639414,Administrative region,Annual
2022,Jazan,1474368226.1921697,6363299962.5908575,319863623.9876814,1399549855.4882736,GASTAT original workbook,HouseholdEnergyStatistics2022En.xlsx,1-2,Original GASTAT publication selected; independent supplied CSV agrees within tolerance.,houses-consumption-and-cost-of-electricity-in-the-administrative-regions- (2).csv,7837668188.783028,1719413479.475955,0.21937819234765693,18.81131212344801,Administrative region,Annual
2022,Madinah,1603432658.666758,9116706247.741154,351392203.2630456,1959853435.2443635,GASTAT original workbook,HouseholdEnergyStatistics2022En.xlsx,1-2,Original GASTAT publication selected; independent supplied CSV agrees within tolerance.,houses-consumption-and-cost-of-electricity-in-the-administrative-regions- (2).csv,10720138906.407911,2311245638.507409,0.2155984785911564,14.957200393255295,Administrative region,Annual
2022,Makkah,6905449416.637841,34857940792.14248,1506458087.9232626,7484200719.778509,GASTAT original workbook,HouseholdEnergyStatistics2022En.xlsx,1-2,Original GASTAT publication selected; independent supplied CSV agrees within tolerance.,houses-consumption-and-cost-of-electricity-in-the-administrative-regions- (2).csv,41763390208.78032,8990658807.70177,0.21527607703197377,16.534695536249934,Administrative region,Annual
2022,Najran,473619158.64732385,2217208939.165246,103258087.85763454,474613344.810183,GASTAT original workbook,HouseholdEnergyStatistics2022En.xlsx,1-2,Original GASTAT publication selected; independent supplied CSV agrees within tolerance.,houses-consumption-and-cost-of-electricity-in-the-administrative-regions- (2).csv,2690828097.8125696,577871432.6678176,0.2147559827911643,17.60124175276521,Administrative region,Annual
2022,Northern Borders,455981401.88894534,1767270866.0853336,98825697.08041094,390337957.2707812,GASTAT original workbook,HouseholdEnergyStatistics2022En.xlsx,1-2,Original GASTAT publication selected; independent supplied CSV agrees within tolerance.,houses-consumption-and-cost-of-electricity-in-the-administrative-regions- (2).csv,2223252267.974279,489163654.3511922,0.22002165988877848,20.509656436982464,Administrative region,Annual
2022,Riyadh,7051873187.09648,41758614119.97405,1530701468.4044638,9058109828.138418,GASTAT original workbook,HouseholdEnergyStatistics2022En.xlsx,1-2,Original GASTAT publication selected; independent supplied CSV agrees within tolerance.,houses-consumption-and-cost-of-electricity-in-the-administrative-regions- (2).csv,48810487307.07053,10588811296.542881,0.21693721740428146,14.447454996162204,Administrative region,Annual
2022,Tabuk,879807667.6899235,3992525149.8256235,190772517.64892492,858495393.3211132,GASTAT original workbook,HouseholdEnergyStatistics2022En.xlsx,1-2,Original GASTAT publication selected; independent supplied CSV agrees within tolerance.,houses-consumption-and-cost-of-electricity-in-the-administrative-regions- (2).csv,4872332817.515547,1049267910.9700382,0.21535226559196152,18.057216135299775,Administrative region,Annual
