year,region,season,consumption_kwh,cost_sar,selected_source,source_file,source_sheet,selection_justification,corroborating_source,geographic_resolution,temporal_resolution
2017,Al-Bahah,Rest of the year,2444806140.0,202643571.97854495,Independent supplied household CSV,houses-consumption-and-cost-of-electricity-in-the-administrative-regions- (2).csv,,CSV selected because it is the only supplied authoritative source for 2017–2018; publisher/provenance metadata should be completed in the source registry.,,Administrative region,Annual with two seasonal components
2017,Al-Bahah,Winter,633322853.3628119,42419719.04067979,Independent supplied household CSV,houses-consumption-and-cost-of-electricity-in-the-administrative-regions- (2).csv,,CSV selected because it is the only supplied authoritative source for 2017–2018; publisher/provenance metadata should be completed in the source registry.,,Administrative region,Annual with two seasonal components
2017,Al-Jouf,Rest of the year,4541531311.0,243302753.4213392,Independent supplied household CSV,houses-consumption-and-cost-of-electricity-in-the-administrative-regions- (2).csv,,CSV selected because it is the only supplied authoritative source for 2017–2018; publisher/provenance metadata should be completed in the source registry.,,Administrative region,Annual with two seasonal components
2017,Al-Jouf,Winter,1047155811.2308588,53629863.13256977,Independent supplied household CSV,houses-consumption-and-cost-of-electricity-in-the-administrative-regions- (2).csv,,CSV selected because it is the only supplied authoritative source for 2017–2018; publisher/provenance metadata should be completed in the source registry.,,Administrative region,Annual with two seasonal components
2017,Al-Qassim,Rest of the year,8702062275.0,714747363.3142709,Independent supplied household CSV,houses-consumption-and-cost-of-electricity-in-the-administrative-regions- (2).csv,,CSV selected because it is the only supplied authoritative source for 2017–2018; publisher/provenance metadata should be completed in the source registry.,,Administrative region,Annual with two seasonal components
2017,Al-Qassim,Winter,1682430847.639912,115254648.24871904,Independent supplied household CSV,houses-consumption-and-cost-of-electricity-in-the-administrative-regions- (2).csv,,CSV selected because it is the only supplied authoritative source for 2017–2018; publisher/provenance metadata should be completed in the source registry.,,Administrative region,Annual with two seasonal components
2017,Asir,Rest of the year,20464106366.0,1969645445.2545493,Independent supplied household CSV,houses-consumption-and-cost-of-electricity-in-the-administrative-regions- (2).csv,,CSV selected because it is the only supplied authoritative source for 2017–2018; publisher/provenance metadata should be completed in the source registry.,,Administrative region,Annual with two seasonal components
2017,Asir,Winter,4146428088.81415,275512194.7045303,Independent supplied household CSV,houses-consumption-and-cost-of-electricity-in-the-administrative-regions- (2).csv,,CSV selected because it is the only supplied authoritative source for 2017–2018; publisher/provenance metadata should be completed in the source registry.,,Administrative region,Annual with two seasonal components
2017,Eastern Region,Rest of the year,30727730092.0,3165695573.42404,Independent supplied household CSV,houses-consumption-and-cost-of-electricity-in-the-administrative-regions- (2).csv,,CSV selected because it is the only supplied authoritative source for 2017–2018; publisher/provenance metadata should be completed in the source registry.,,Administrative region,Annual with two seasonal components
2017,Eastern Region,Winter,5262775051.688831,359183064.6755376,Independent supplied household CSV,houses-consumption-and-cost-of-electricity-in-the-administrative-regions- (2).csv,,CSV selected because it is the only supplied authoritative source for 2017–2018; publisher/provenance metadata should be completed in the source registry.,,Administrative region,Annual with two seasonal components
2017,Hail,Rest of the year,3925871299.0,321251274.1050998,Independent supplied household CSV,houses-consumption-and-cost-of-electricity-in-the-administrative-regions- (2).csv,,CSV selected because it is the only supplied authoritative source for 2017–2018; publisher/provenance metadata should be completed in the source registry.,,Administrative region,Annual with two seasonal components
2017,Hail,Winter,1056543108.964022,73455021.09765667,Independent supplied household CSV,houses-consumption-and-cost-of-electricity-in-the-administrative-regions- (2).csv,,CSV selected because it is the only supplied authoritative source for 2017–2018; publisher/provenance metadata should be completed in the source registry.,,Administrative region,Annual with two seasonal components
2017,Jazan,Rest of the year,12330297464.0,1136274518.6838713,Independent supplied household CSV,houses-consumption-and-cost-of-electricity-in-the-administrative-regions- (2).csv,,CSV selected because it is the only supplied authoritative source for 2017–2018; publisher/provenance metadata should be completed in the source registry.,,Administrative region,Annual with two seasonal components
2017,Jazan,Winter,2324786700.582149,149979130.84358788,Independent supplied household CSV,houses-consumption-and-cost-of-electricity-in-the-administrative-regions- (2).csv,,CSV selected because it is the only supplied authoritative source for 2017–2018; publisher/provenance metadata should be completed in the source registry.,,Administrative region,Annual with two seasonal components
2017,Madinah,Rest of the year,12934995238.0,1155048654.4745312,Independent supplied household CSV,houses-consumption-and-cost-of-electricity-in-the-administrative-regions- (2).csv,,CSV selected because it is the only supplied authoritative source for 2017–2018; publisher/provenance metadata should be completed in the source registry.,,Administrative region,Annual with two seasonal components
2017,Madinah,Winter,2458903536.478258,161679183.34053198,Independent supplied household CSV,houses-consumption-and-cost-of-electricity-in-the-administrative-regions- (2).csv,,CSV selected because it is the only supplied authoritative source for 2017–2018; publisher/provenance metadata should be completed in the source registry.,,Administrative region,Annual with two seasonal components
2017,Makkah,Rest of the year,54951107564.0,5151689960.917025,Independent supplied household CSV,houses-consumption-and-cost-of-electricity-in-the-administrative-regions- (2).csv,,CSV selected because it is the only supplied authoritative source for 2017–2018; publisher/provenance metadata should be completed in the source registry.,,Administrative region,Annual with two seasonal components
2017,Makkah,Winter,10225556784.386744,673039064.4824653,Independent supplied household CSV,houses-consumption-and-cost-of-electricity-in-the-administrative-regions- (2).csv,,CSV selected because it is the only supplied authoritative source for 2017–2018; publisher/provenance metadata should be completed in the source registry.,,Administrative region,Annual with two seasonal components
2017,Najran,Rest of the year,4024055708.0,451502210.43434113,Independent supplied household CSV,houses-consumption-and-cost-of-electricity-in-the-administrative-regions- (2).csv,,CSV selected because it is the only supplied authoritative source for 2017–2018; publisher/provenance metadata should be completed in the source registry.,,Administrative region,Annual with two seasonal components
2017,Najran,Winter,767280686.2692041,54296994.89760524,Independent supplied household CSV,houses-consumption-and-cost-of-electricity-in-the-administrative-regions- (2).csv,,CSV selected because it is the only supplied authoritative source for 2017–2018; publisher/provenance metadata should be completed in the source registry.,,Administrative region,Annual with two seasonal components
2017,Northern Borders,Rest of the year,1680672755.0,124393718.41279708,Independent supplied household CSV,houses-consumption-and-cost-of-electricity-in-the-administrative-regions- (2).csv,,CSV selected because it is the only supplied authoritative source for 2017–2018; publisher/provenance metadata should be completed in the source registry.,,Administrative region,Annual with two seasonal components
2017,Northern Borders,Winter,461492447.338097,28935953.668130457,Independent supplied household CSV,houses-consumption-and-cost-of-electricity-in-the-administrative-regions- (2).csv,,CSV selected because it is the only supplied authoritative source for 2017–2018; publisher/provenance metadata should be completed in the source registry.,,Administrative region,Annual with two seasonal components
2017,Riyadh,Rest of the year,58311208859.0,5000680818.49279,Independent supplied household CSV,houses-consumption-and-cost-of-electricity-in-the-administrative-regions- (2).csv,,CSV selected because it is the only supplied authoritative source for 2017–2018; publisher/provenance metadata should be completed in the source registry.,,Administrative region,Annual with two seasonal components
2017,Riyadh,Winter,9656113094.576937,646321544.558405,Independent supplied household CSV,houses-consumption-and-cost-of-electricity-in-the-administrative-regions- (2).csv,,CSV selected because it is the only supplied authoritative source for 2017–2018; publisher/provenance metadata should be completed in the source registry.,,Administrative region,Annual with two seasonal components
2017,Tabuk,Rest of the year,4585245842.0,360078967.36779565,Independent supplied household CSV,houses-consumption-and-cost-of-electricity-in-the-administrative-regions- (2).csv,,CSV selected because it is the only supplied authoritative source for 2017–2018; publisher/provenance metadata should be completed in the source registry.,,Administrative region,Annual with two seasonal components
2017,Tabuk,Winter,1111825199.1694949,73810717.035593,Independent supplied household CSV,houses-consumption-and-cost-of-electricity-in-the-administrative-regions- (2).csv,,CSV selected because it is the only supplied authoritative source for 2017–2018; publisher/provenance metadata should be completed in the source registry.,,Administrative region,Annual with two seasonal components
2018,Al-Bahah,Rest of the year,2569383740.0,216447376.0,Independent supplied household CSV,houses-consumption-and-cost-of-electricity-in-the-administrative-regions- (2).csv,,CSV selected because it is the only supplied authoritative source for 2017–2018; publisher/provenance metadata should be completed in the source registry.,,Administrative region,Annual with two seasonal components
2018,Al-Bahah,Winter,645193315.0,44982179.0,Independent supplied household CSV,houses-consumption-and-cost-of-electricity-in-the-administrative-regions- (2).csv,,CSV selected because it is the only supplied authoritative source for 2017–2018; publisher/provenance metadata should be completed in the source registry.,,Administrative region,Annual with two seasonal components
2018,Al-Jouf,Rest of the year,4578979658.0,710136919.0,Independent supplied household CSV,houses-consumption-and-cost-of-electricity-in-the-administrative-regions- (2).csv,,CSV selected because it is the only supplied authoritative source for 2017–2018; publisher/provenance metadata should be completed in the source registry.,,Administrative region,Annual with two seasonal components
2018,Al-Jouf,Winter,1064310433.0,117615170.0,Independent supplied household CSV,houses-consumption-and-cost-of-electricity-in-the-administrative-regions- (2).csv,,CSV selected because it is the only supplied authoritative source for 2017–2018; publisher/provenance metadata should be completed in the source registry.,,Administrative region,Annual with two seasonal components
2018,Al-Qassim,Rest of the year,9086565021.0,797739786.0,Independent supplied household CSV,houses-consumption-and-cost-of-electricity-in-the-administrative-regions- (2).csv,,CSV selected because it is the only supplied authoritative source for 2017–2018; publisher/provenance metadata should be completed in the source registry.,,Administrative region,Annual with two seasonal components
2018,Al-Qassim,Winter,1850955238.0,124437945.0,Independent supplied household CSV,houses-consumption-and-cost-of-electricity-in-the-administrative-regions- (2).csv,,CSV selected because it is the only supplied authoritative source for 2017–2018; publisher/provenance metadata should be completed in the source registry.,,Administrative region,Annual with two seasonal components
2018,Asir,Rest of the year,20584881000.0,2808175606.0,Independent supplied household CSV,houses-consumption-and-cost-of-electricity-in-the-administrative-regions- (2).csv,,CSV selected because it is the only supplied authoritative source for 2017–2018; publisher/provenance metadata should be completed in the source registry.,,Administrative region,Annual with two seasonal components
2018,Asir,Winter,4195317852.0,388496914.0,Independent supplied household CSV,houses-consumption-and-cost-of-electricity-in-the-administrative-regions- (2).csv,,CSV selected because it is the only supplied authoritative source for 2017–2018; publisher/provenance metadata should be completed in the source registry.,,Administrative region,Annual with two seasonal components
2018,Eastern Region,Rest of the year,30824335850.0,3099368423.0,Independent supplied household CSV,houses-consumption-and-cost-of-electricity-in-the-administrative-regions- (2).csv,,CSV selected because it is the only supplied authoritative source for 2017–2018; publisher/provenance metadata should be completed in the source registry.,,Administrative region,Annual with two seasonal components
2018,Eastern Region,Winter,5317397646.0,395266313.0,Independent supplied household CSV,houses-consumption-and-cost-of-electricity-in-the-administrative-regions- (2).csv,,CSV selected because it is the only supplied authoritative source for 2017–2018; publisher/provenance metadata should be completed in the source registry.,,Administrative region,Annual with two seasonal components
2018,Hail,Rest of the year,4155945546.0,387834754.0,Independent supplied household CSV,houses-consumption-and-cost-of-electricity-in-the-administrative-regions- (2).csv,,CSV selected because it is the only supplied authoritative source for 2017–2018; publisher/provenance metadata should be completed in the source registry.,,Administrative region,Annual with two seasonal components
2018,Hail,Winter,1062374669.0,87337222.0,Independent supplied household CSV,houses-consumption-and-cost-of-electricity-in-the-administrative-regions- (2).csv,,CSV selected because it is the only supplied authoritative source for 2017–2018; publisher/provenance metadata should be completed in the source registry.,,Administrative region,Annual with two seasonal components
2018,Jazan,Rest of the year,12394795178.0,1613227580.0,Independent supplied household CSV,houses-consumption-and-cost-of-electricity-in-the-administrative-regions- (2).csv,,CSV selected because it is the only supplied authoritative source for 2017–2018; publisher/provenance metadata should be completed in the source registry.,,Administrative region,Annual with two seasonal components
2018,Jazan,Winter,2356158024.0,209266763.0,Independent supplied household CSV,houses-consumption-and-cost-of-electricity-in-the-administrative-regions- (2).csv,,CSV selected because it is the only supplied authoritative source for 2017–2018; publisher/provenance metadata should be completed in the source registry.,,Administrative region,Annual with two seasonal components
2018,Madinah,Rest of the year,13002433159.0,1142518355.0,Independent supplied household CSV,houses-consumption-and-cost-of-electricity-in-the-administrative-regions- (2).csv,,CSV selected because it is the only supplied authoritative source for 2017–2018; publisher/provenance metadata should be completed in the source registry.,,Administrative region,Annual with two seasonal components
2018,Madinah,Winter,2476853485.0,160472919.0,Independent supplied household CSV,houses-consumption-and-cost-of-electricity-in-the-administrative-regions- (2).csv,,CSV selected because it is the only supplied authoritative source for 2017–2018; publisher/provenance metadata should be completed in the source registry.,,Administrative region,Annual with two seasonal components
2018,Makkah,Rest of the year,55099747098.0,5583934956.0,Independent supplied household CSV,houses-consumption-and-cost-of-electricity-in-the-administrative-regions- (2).csv,,CSV selected because it is the only supplied authoritative source for 2017–2018; publisher/provenance metadata should be completed in the source registry.,,Administrative region,Annual with two seasonal components
2018,Makkah,Winter,10494999897.0,714318115.0,Independent supplied household CSV,houses-consumption-and-cost-of-electricity-in-the-administrative-regions- (2).csv,,CSV selected because it is the only supplied authoritative source for 2017–2018; publisher/provenance metadata should be completed in the source registry.,,Administrative region,Annual with two seasonal components
2018,Najran,Rest of the year,4049575094.0,406724274.0,Independent supplied household CSV,houses-consumption-and-cost-of-electricity-in-the-administrative-regions- (2).csv,,CSV selected because it is the only supplied authoritative source for 2017–2018; publisher/provenance metadata should be completed in the source registry.,,Administrative region,Annual with two seasonal components
2018,Najran,Winter,779758990.0,56837010.0,Independent supplied household CSV,houses-consumption-and-cost-of-electricity-in-the-administrative-regions- (2).csv,,CSV selected because it is the only supplied authoritative source for 2017–2018; publisher/provenance metadata should be completed in the source registry.,,Administrative region,Annual with two seasonal components
2018,Northern Borders,Rest of the year,1751695471.0,160173685.0,Independent supplied household CSV,houses-consumption-and-cost-of-electricity-in-the-administrative-regions- (2).csv,,CSV selected because it is the only supplied authoritative source for 2017–2018; publisher/provenance metadata should be completed in the source registry.,,Administrative region,Annual with two seasonal components
2018,Northern Borders,Winter,464963984.0,34654249.0,Independent supplied household CSV,houses-consumption-and-cost-of-electricity-in-the-administrative-regions- (2).csv,,CSV selected because it is the only supplied authoritative source for 2017–2018; publisher/provenance metadata should be completed in the source registry.,,Administrative region,Annual with two seasonal components
2018,Riyadh,Rest of the year,58643764566.0,6788343838.0,Independent supplied household CSV,houses-consumption-and-cost-of-electricity-in-the-administrative-regions- (2).csv,,CSV selected because it is the only supplied authoritative source for 2017–2018; publisher/provenance metadata should be completed in the source registry.,,Administrative region,Annual with two seasonal components
2018,Riyadh,Winter,9687768245.0,704968500.0,Independent supplied household CSV,houses-consumption-and-cost-of-electricity-in-the-administrative-regions- (2).csv,,CSV selected because it is the only supplied authoritative source for 2017–2018; publisher/provenance metadata should be completed in the source registry.,,Administrative region,Annual with two seasonal components
2018,Tabuk,Rest of the year,4777892250.0,408817758.0,Independent supplied household CSV,houses-consumption-and-cost-of-electricity-in-the-administrative-regions- (2).csv,,CSV selected because it is the only supplied authoritative source for 2017–2018; publisher/provenance metadata should be completed in the source registry.,,Administrative region,Annual with two seasonal components
2018,Tabuk,Winter,1119707072.0,76501190.0,Independent supplied household CSV,houses-consumption-and-cost-of-electricity-in-the-administrative-regions- (2).csv,,CSV selected because it is the only supplied authoritative source for 2017–2018; publisher/provenance metadata should be completed in the source registry.,,Administrative region,Annual with two seasonal components
2019,Al-Bahah,Rest of the year,2205899137.0,683330764.0,GASTAT original workbook,HouseholdEnergyStatistics2019En.xlsx,76,Original GASTAT publication selected; independent supplied CSV agrees within tolerance.,houses-consumption-and-cost-of-electricity-in-the-administrative-regions- (2).csv,Administrative region,Annual with two seasonal components
2019,Al-Bahah,Winter,583781957.0,153285758.0,GASTAT original workbook,HouseholdEnergyStatistics2019En.xlsx,76,Original GASTAT publication selected; independent supplied CSV agrees within tolerance.,houses-consumption-and-cost-of-electricity-in-the-administrative-regions- (2).csv,Administrative region,Annual with two seasonal components
2019,Al-Jouf,Rest of the year,2565128025.0,944422326.0,GASTAT original workbook,HouseholdEnergyStatistics2019En.xlsx,76,Original GASTAT publication selected; independent supplied CSV agrees within tolerance.,houses-consumption-and-cost-of-electricity-in-the-administrative-regions- (2).csv,Administrative region,Annual with two seasonal components
2019,Al-Jouf,Winter,700853935.0,178038911.0,GASTAT original workbook,HouseholdEnergyStatistics2019En.xlsx,76,Original GASTAT publication selected; independent supplied CSV agrees within tolerance.,houses-consumption-and-cost-of-electricity-in-the-administrative-regions- (2).csv,Administrative region,Annual with two seasonal components
2019,Al-Qassim,Rest of the year,6354815303.0,1851621754.0,GASTAT original workbook,HouseholdEnergyStatistics2019En.xlsx,76,Original GASTAT publication selected; independent supplied CSV agrees within tolerance.,houses-consumption-and-cost-of-electricity-in-the-administrative-regions- (2).csv,Administrative region,Annual with two seasonal components
2019,Al-Qassim,Winter,1937898085.0,566546168.0,GASTAT original workbook,HouseholdEnergyStatistics2019En.xlsx,76,Original GASTAT publication selected; independent supplied CSV agrees within tolerance.,houses-consumption-and-cost-of-electricity-in-the-administrative-regions- (2).csv,Administrative region,Annual with two seasonal components
2019,Asir,Rest of the year,10629137186.0,3494972760.0,GASTAT original workbook,HouseholdEnergyStatistics2019En.xlsx,76,Original GASTAT publication selected; independent supplied CSV agrees within tolerance.,houses-consumption-and-cost-of-electricity-in-the-administrative-regions- (2).csv,Administrative region,Annual with two seasonal components
2019,Asir,Winter,2996611212.0,675309400.0,GASTAT original workbook,HouseholdEnergyStatistics2019En.xlsx,76,Original GASTAT publication selected; independent supplied CSV agrees within tolerance.,houses-consumption-and-cost-of-electricity-in-the-administrative-regions- (2).csv,Administrative region,Annual with two seasonal components
2019,Eastern Region,Rest of the year,28190346286.0,10377046409.0,GASTAT original workbook,HouseholdEnergyStatistics2019En.xlsx,76,Original GASTAT publication selected; independent supplied CSV agrees within tolerance.,houses-consumption-and-cost-of-electricity-in-the-administrative-regions- (2).csv,Administrative region,Annual with two seasonal components
2019,Eastern Region,Winter,4294128877.0,952025741.0,GASTAT original workbook,HouseholdEnergyStatistics2019En.xlsx,76,Original GASTAT publication selected; independent supplied CSV agrees within tolerance.,houses-consumption-and-cost-of-electricity-in-the-administrative-regions- (2).csv,Administrative region,Annual with two seasonal components
2019,Hail,Rest of the year,2929853057.0,652352964.0,GASTAT original workbook,HouseholdEnergyStatistics2019En.xlsx,76,Original GASTAT publication selected; independent supplied CSV agrees within tolerance.,houses-consumption-and-cost-of-electricity-in-the-administrative-regions- (2).csv,Administrative region,Annual with two seasonal components
2019,Hail,Winter,931962566.0,236304535.0,GASTAT original workbook,HouseholdEnergyStatistics2019En.xlsx,76,Original GASTAT publication selected; independent supplied CSV agrees within tolerance.,houses-consumption-and-cost-of-electricity-in-the-administrative-regions- (2).csv,Administrative region,Annual with two seasonal components
2019,Jazan,Rest of the year,7109585707.0,1840470440.0,GASTAT original workbook,HouseholdEnergyStatistics2019En.xlsx,76,Original GASTAT publication selected; independent supplied CSV agrees within tolerance.,houses-consumption-and-cost-of-electricity-in-the-administrative-regions- (2).csv,Administrative region,Annual with two seasonal components
2019,Jazan,Winter,2287978519.0,583000149.0,GASTAT original workbook,HouseholdEnergyStatistics2019En.xlsx,76,Original GASTAT publication selected; independent supplied CSV agrees within tolerance.,houses-consumption-and-cost-of-electricity-in-the-administrative-regions- (2).csv,Administrative region,Annual with two seasonal components
2019,Madinah,Rest of the year,10426896795.0,2932372309.0,GASTAT original workbook,HouseholdEnergyStatistics2019En.xlsx,76,Original GASTAT publication selected; independent supplied CSV agrees within tolerance.,houses-consumption-and-cost-of-electricity-in-the-administrative-regions- (2).csv,Administrative region,Annual with two seasonal components
2019,Madinah,Winter,2896966402.0,619823275.0,GASTAT original workbook,HouseholdEnergyStatistics2019En.xlsx,76,Original GASTAT publication selected; independent supplied CSV agrees within tolerance.,houses-consumption-and-cost-of-electricity-in-the-administrative-regions- (2).csv,Administrative region,Annual with two seasonal components
2019,Makkah,Rest of the year,39835650154.0,10470931097.0,GASTAT original workbook,HouseholdEnergyStatistics2019En.xlsx,76,Original GASTAT publication selected; independent supplied CSV agrees within tolerance.,houses-consumption-and-cost-of-electricity-in-the-administrative-regions- (2).csv,Administrative region,Annual with two seasonal components
2019,Makkah,Winter,9811340713.0,2019019112.0,GASTAT original workbook,HouseholdEnergyStatistics2019En.xlsx,76,Original GASTAT publication selected; independent supplied CSV agrees within tolerance.,houses-consumption-and-cost-of-electricity-in-the-administrative-regions- (2).csv,Administrative region,Annual with two seasonal components
2019,Najran,Rest of the year,2567696293.0,620378720.0,GASTAT original workbook,HouseholdEnergyStatistics2019En.xlsx,76,Original GASTAT publication selected; independent supplied CSV agrees within tolerance.,houses-consumption-and-cost-of-electricity-in-the-administrative-regions- (2).csv,Administrative region,Annual with two seasonal components
2019,Najran,Winter,743954708.0,168123136.0,GASTAT original workbook,HouseholdEnergyStatistics2019En.xlsx,76,Original GASTAT publication selected; independent supplied CSV agrees within tolerance.,houses-consumption-and-cost-of-electricity-in-the-administrative-regions- (2).csv,Administrative region,Annual with two seasonal components
2019,Northern Borders,Rest of the year,1370924095.0,298024935.0,GASTAT original workbook,HouseholdEnergyStatistics2019En.xlsx,76,Original GASTAT publication selected; independent supplied CSV agrees within tolerance.,houses-consumption-and-cost-of-electricity-in-the-administrative-regions- (2).csv,Administrative region,Annual with two seasonal components
2019,Northern Borders,Winter,476021255.0,142002715.0,GASTAT original workbook,HouseholdEnergyStatistics2019En.xlsx,76,Original GASTAT publication selected; independent supplied CSV agrees within tolerance.,houses-consumption-and-cost-of-electricity-in-the-administrative-regions- (2).csv,Administrative region,Annual with two seasonal components
2019,Riyadh,Rest of the year,31818999925.0,9479283407.0,GASTAT original workbook,HouseholdEnergyStatistics2019En.xlsx,76,Original GASTAT publication selected; independent supplied CSV agrees within tolerance.,houses-consumption-and-cost-of-electricity-in-the-administrative-regions- (2).csv,Administrative region,Annual with two seasonal components
2019,Riyadh,Winter,8929603334.0,1952659947.0,GASTAT original workbook,HouseholdEnergyStatistics2019En.xlsx,76,Original GASTAT publication selected; independent supplied CSV agrees within tolerance.,houses-consumption-and-cost-of-electricity-in-the-administrative-regions- (2).csv,Administrative region,Annual with two seasonal components
2019,Tabuk,Rest of the year,3745827308.0,743893993.0,GASTAT original workbook,HouseholdEnergyStatistics2019En.xlsx,76,Original GASTAT publication selected; independent supplied CSV agrees within tolerance.,houses-consumption-and-cost-of-electricity-in-the-administrative-regions- (2).csv,Administrative region,Annual with two seasonal components
2019,Tabuk,Winter,1149529403.0,234601401.0,GASTAT original workbook,HouseholdEnergyStatistics2019En.xlsx,76,Original GASTAT publication selected; independent supplied CSV agrees within tolerance.,houses-consumption-and-cost-of-electricity-in-the-administrative-regions- (2).csv,Administrative region,Annual with two seasonal components
2020,Al-Bahah,Rest of the year,1834339162.0,410535424.0,GASTAT original workbook,HouseholdEnergyStatistics2020En.xlsx,25,Original GASTAT publication selected; independent supplied CSV agrees within tolerance.,houses-consumption-and-cost-of-electricity-in-the-administrative-regions- (2).csv,Administrative region,Annual with two seasonal components
2020,Al-Bahah,Winter,469165147.0,96607805.0,GASTAT original workbook,HouseholdEnergyStatistics2020En.xlsx,25,Original GASTAT publication selected; independent supplied CSV agrees within tolerance.,houses-consumption-and-cost-of-electricity-in-the-administrative-regions- (2).csv,Administrative region,Annual with two seasonal components
2020,Al-Jouf,Rest of the year,2090562079.0,540151610.0,GASTAT original workbook,HouseholdEnergyStatistics2020En.xlsx,25,Original GASTAT publication selected; independent supplied CSV agrees within tolerance.,houses-consumption-and-cost-of-electricity-in-the-administrative-regions- (2).csv,Administrative region,Annual with two seasonal components
2020,Al-Jouf,Winter,503142337.0,101309290.0,GASTAT original workbook,HouseholdEnergyStatistics2020En.xlsx,25,Original GASTAT publication selected; independent supplied CSV agrees within tolerance.,houses-consumption-and-cost-of-electricity-in-the-administrative-regions- (2).csv,Administrative region,Annual with two seasonal components
2020,Al-Qassim,Rest of the year,8498699680.0,1858909102.0,GASTAT original workbook,HouseholdEnergyStatistics2020En.xlsx,25,Original GASTAT publication selected; independent supplied CSV agrees within tolerance.,houses-consumption-and-cost-of-electricity-in-the-administrative-regions- (2).csv,Administrative region,Annual with two seasonal components
2020,Al-Qassim,Winter,1539416298.0,338333822.0,GASTAT original workbook,HouseholdEnergyStatistics2020En.xlsx,25,Original GASTAT publication selected; independent supplied CSV agrees within tolerance.,houses-consumption-and-cost-of-electricity-in-the-administrative-regions- (2).csv,Administrative region,Annual with two seasonal components
2020,Asir,Rest of the year,8886838803.0,2092556136.0,GASTAT original workbook,HouseholdEnergyStatistics2020En.xlsx,25,Original GASTAT publication selected; independent supplied CSV agrees within tolerance.,houses-consumption-and-cost-of-electricity-in-the-administrative-regions- (2).csv,Administrative region,Annual with two seasonal components
2020,Asir,Winter,1945750042.0,363141089.0,GASTAT original workbook,HouseholdEnergyStatistics2020En.xlsx,25,Original GASTAT publication selected; independent supplied CSV agrees within tolerance.,houses-consumption-and-cost-of-electricity-in-the-administrative-regions- (2).csv,Administrative region,Annual with two seasonal components
2020,Eastern Region,Rest of the year,21557369812.0,5483728980.0,GASTAT original workbook,HouseholdEnergyStatistics2020En.xlsx,25,Original GASTAT publication selected; independent supplied CSV agrees within tolerance.,houses-consumption-and-cost-of-electricity-in-the-administrative-regions- (2).csv,Administrative region,Annual with two seasonal components
2020,Eastern Region,Winter,3482159360.0,664686072.0,GASTAT original workbook,HouseholdEnergyStatistics2020En.xlsx,25,Original GASTAT publication selected; independent supplied CSV agrees within tolerance.,houses-consumption-and-cost-of-electricity-in-the-administrative-regions- (2).csv,Administrative region,Annual with two seasonal components
2020,Hail,Rest of the year,3483897539.0,695623902.0,GASTAT original workbook,HouseholdEnergyStatistics2020En.xlsx,25,Original GASTAT publication selected; independent supplied CSV agrees within tolerance.,houses-consumption-and-cost-of-electricity-in-the-administrative-regions- (2).csv,Administrative region,Annual with two seasonal components
2020,Hail,Winter,830065564.0,170320313.0,GASTAT original workbook,HouseholdEnergyStatistics2020En.xlsx,25,Original GASTAT publication selected; independent supplied CSV agrees within tolerance.,houses-consumption-and-cost-of-electricity-in-the-administrative-regions- (2).csv,Administrative region,Annual with two seasonal components
2020,Jazan,Rest of the year,6250877934.0,1304514731.0,GASTAT original workbook,HouseholdEnergyStatistics2020En.xlsx,25,Original GASTAT publication selected; independent supplied CSV agrees within tolerance.,houses-consumption-and-cost-of-electricity-in-the-administrative-regions- (2).csv,Administrative region,Annual with two seasonal components
2020,Jazan,Winter,1554582668.0,320517165.0,GASTAT original workbook,HouseholdEnergyStatistics2020En.xlsx,25,Original GASTAT publication selected; independent supplied CSV agrees within tolerance.,houses-consumption-and-cost-of-electricity-in-the-administrative-regions- (2).csv,Administrative region,Annual with two seasonal components
2020,Madinah,Rest of the year,10285719042.0,2246676949.0,GASTAT original workbook,HouseholdEnergyStatistics2020En.xlsx,25,Original GASTAT publication selected; independent supplied CSV agrees within tolerance.,houses-consumption-and-cost-of-electricity-in-the-administrative-regions- (2).csv,Administrative region,Annual with two seasonal components
2020,Madinah,Winter,2040377831.0,390820207.0,GASTAT original workbook,HouseholdEnergyStatistics2020En.xlsx,25,Original GASTAT publication selected; independent supplied CSV agrees within tolerance.,houses-consumption-and-cost-of-electricity-in-the-administrative-regions- (2).csv,Administrative region,Annual with two seasonal components
2020,Makkah,Rest of the year,45183730039.0,9751225005.0,GASTAT original workbook,HouseholdEnergyStatistics2020En.xlsx,25,Original GASTAT publication selected; independent supplied CSV agrees within tolerance.,houses-consumption-and-cost-of-electricity-in-the-administrative-regions- (2).csv,Administrative region,Annual with two seasonal components
2020,Makkah,Winter,9513673122.0,1827323739.0,GASTAT original workbook,HouseholdEnergyStatistics2020En.xlsx,25,Original GASTAT publication selected; independent supplied CSV agrees within tolerance.,houses-consumption-and-cost-of-electricity-in-the-administrative-regions- (2).csv,Administrative region,Annual with two seasonal components
2020,Najran,Rest of the year,2220118197.0,454314992.0,GASTAT original workbook,HouseholdEnergyStatistics2020En.xlsx,25,Original GASTAT publication selected; independent supplied CSV agrees within tolerance.,houses-consumption-and-cost-of-electricity-in-the-administrative-regions- (2).csv,Administrative region,Annual with two seasonal components
2020,Najran,Winter,569210792.0,110480000.0,GASTAT original workbook,HouseholdEnergyStatistics2020En.xlsx,25,Original GASTAT publication selected; independent supplied CSV agrees within tolerance.,houses-consumption-and-cost-of-electricity-in-the-administrative-regions- (2).csv,Administrative region,Annual with two seasonal components
2020,Northern Borders,Rest of the year,1347783540.0,267520333.0,GASTAT original workbook,HouseholdEnergyStatistics2020En.xlsx,25,Original GASTAT publication selected; independent supplied CSV agrees within tolerance.,houses-consumption-and-cost-of-electricity-in-the-administrative-regions- (2).csv,Administrative region,Annual with two seasonal components
2020,Northern Borders,Winter,379159286.0,83999462.0,GASTAT original workbook,HouseholdEnergyStatistics2020En.xlsx,25,Original GASTAT publication selected; independent supplied CSV agrees within tolerance.,houses-consumption-and-cost-of-electricity-in-the-administrative-regions- (2).csv,Administrative region,Annual with two seasonal components
2020,Riyadh,Rest of the year,45171032799.0,10279799807.0,GASTAT original workbook,HouseholdEnergyStatistics2020En.xlsx,25,Original GASTAT publication selected; independent supplied CSV agrees within tolerance.,houses-consumption-and-cost-of-electricity-in-the-administrative-regions- (2).csv,Administrative region,Annual with two seasonal components
2020,Riyadh,Winter,8390161686.0,1647747438.0,GASTAT original workbook,HouseholdEnergyStatistics2020En.xlsx,25,Original GASTAT publication selected; independent supplied CSV agrees within tolerance.,houses-consumption-and-cost-of-electricity-in-the-administrative-regions- (2).csv,Administrative region,Annual with two seasonal components
2020,Tabuk,Rest of the year,3616071416.0,690784672.0,GASTAT original workbook,HouseholdEnergyStatistics2020En.xlsx,25,Original GASTAT publication selected; independent supplied CSV agrees within tolerance.,houses-consumption-and-cost-of-electricity-in-the-administrative-regions- (2).csv,Administrative region,Annual with two seasonal components
2020,Tabuk,Winter,832394440.0,155716582.0,GASTAT original workbook,HouseholdEnergyStatistics2020En.xlsx,25,Original GASTAT publication selected; independent supplied CSV agrees within tolerance.,houses-consumption-and-cost-of-electricity-in-the-administrative-regions- (2).csv,Administrative region,Annual with two seasonal components
2021,Al-Bahah,Rest of the year,1464798031.0,322659766.0,GASTAT original workbook,HouseholdEnergyStatistics2021En.xlsx,27,Original GASTAT publication selected; independent supplied CSV agrees within tolerance.,houses-consumption-and-cost-of-electricity-in-the-administrative-regions- (2).csv,Administrative region,Annual with two seasonal components
2021,Al-Bahah,Winter,367849699.0,81175236.0,GASTAT original workbook,HouseholdEnergyStatistics2021En.xlsx,27,Original GASTAT publication selected; independent supplied CSV agrees within tolerance.,houses-consumption-and-cost-of-electricity-in-the-administrative-regions- (2).csv,Administrative region,Annual with two seasonal components
2021,Al-Jouf,Rest of the year,1231174711.0,295519925.0,GASTAT original workbook,HouseholdEnergyStatistics2021En.xlsx,27,Original GASTAT publication selected; independent supplied CSV agrees within tolerance.,houses-consumption-and-cost-of-electricity-in-the-administrative-regions- (2).csv,Administrative region,Annual with two seasonal components
2021,Al-Jouf,Winter,263994514.0,58868009.0,GASTAT original workbook,HouseholdEnergyStatistics2021En.xlsx,27,Original GASTAT publication selected; independent supplied CSV agrees within tolerance.,houses-consumption-and-cost-of-electricity-in-the-administrative-regions- (2).csv,Administrative region,Annual with two seasonal components
2021,Al-Qassim,Rest of the year,9423675533.0,2127845105.0,GASTAT original workbook,HouseholdEnergyStatistics2021En.xlsx,27,Original GASTAT publication selected; independent supplied CSV agrees within tolerance.,houses-consumption-and-cost-of-electricity-in-the-administrative-regions- (2).csv,Administrative region,Annual with two seasonal components
2021,Al-Qassim,Winter,1262290669.0,277701619.0,GASTAT original workbook,HouseholdEnergyStatistics2021En.xlsx,27,Original GASTAT publication selected; independent supplied CSV agrees within tolerance.,houses-consumption-and-cost-of-electricity-in-the-administrative-regions- (2).csv,Administrative region,Annual with two seasonal components
2021,Asir,Rest of the year,5091179063.0,1212442957.0,GASTAT original workbook,HouseholdEnergyStatistics2021En.xlsx,27,Original GASTAT publication selected; independent supplied CSV agrees within tolerance.,houses-consumption-and-cost-of-electricity-in-the-administrative-regions- (2).csv,Administrative region,Annual with two seasonal components
2021,Asir,Winter,857927505.0,200717977.0,GASTAT original workbook,HouseholdEnergyStatistics2021En.xlsx,27,Original GASTAT publication selected; independent supplied CSV agrees within tolerance.,houses-consumption-and-cost-of-electricity-in-the-administrative-regions- (2).csv,Administrative region,Annual with two seasonal components
2021,Eastern Region,Rest of the year,15924140065.0,3633160406.0,GASTAT original workbook,HouseholdEnergyStatistics2021En.xlsx,27,Original GASTAT publication selected; independent supplied CSV agrees within tolerance.,houses-consumption-and-cost-of-electricity-in-the-administrative-regions- (2).csv,Administrative region,Annual with two seasonal components
2021,Eastern Region,Winter,2617365030.0,588371177.0,GASTAT original workbook,HouseholdEnergyStatistics2021En.xlsx,27,Original GASTAT publication selected; independent supplied CSV agrees within tolerance.,houses-consumption-and-cost-of-electricity-in-the-administrative-regions- (2).csv,Administrative region,Annual with two seasonal components
2021,Hail,Rest of the year,3592907778.0,794206659.0,GASTAT original workbook,HouseholdEnergyStatistics2021En.xlsx,27,Original GASTAT publication selected; independent supplied CSV agrees within tolerance.,houses-consumption-and-cost-of-electricity-in-the-administrative-regions- (2).csv,Administrative region,Annual with two seasonal components
2021,Hail,Winter,721039786.0,158073974.0,GASTAT original workbook,HouseholdEnergyStatistics2021En.xlsx,27,Original GASTAT publication selected; independent supplied CSV agrees within tolerance.,houses-consumption-and-cost-of-electricity-in-the-administrative-regions- (2).csv,Administrative region,Annual with two seasonal components
2021,Jazan,Rest of the year,4285544736.0,959358664.0,GASTAT original workbook,HouseholdEnergyStatistics2021En.xlsx,27,Original GASTAT publication selected; independent supplied CSV agrees within tolerance.,houses-consumption-and-cost-of-electricity-in-the-administrative-regions- (2).csv,Administrative region,Annual with two seasonal components
2021,Jazan,Winter,987490903.0,217088274.0,GASTAT original workbook,HouseholdEnergyStatistics2021En.xlsx,27,Original GASTAT publication selected; independent supplied CSV agrees within tolerance.,houses-consumption-and-cost-of-electricity-in-the-administrative-regions- (2).csv,Administrative region,Annual with two seasonal components
2021,Madinah,Rest of the year,9535951637.0,2179868917.0,GASTAT original workbook,HouseholdEnergyStatistics2021En.xlsx,27,Original GASTAT publication selected; independent supplied CSV agrees within tolerance.,houses-consumption-and-cost-of-electricity-in-the-administrative-regions- (2).csv,Administrative region,Annual with two seasonal components
2021,Madinah,Winter,1502964633.0,333905495.0,GASTAT original workbook,HouseholdEnergyStatistics2021En.xlsx,27,Original GASTAT publication selected; independent supplied CSV agrees within tolerance.,houses-consumption-and-cost-of-electricity-in-the-administrative-regions- (2).csv,Administrative region,Annual with two seasonal components
2021,Makkah,Rest of the year,45378765717.0,10433194472.0,GASTAT original workbook,HouseholdEnergyStatistics2021En.xlsx,27,Original GASTAT publication selected; independent supplied CSV agrees within tolerance.,houses-consumption-and-cost-of-electricity-in-the-administrative-regions- (2).csv,Administrative region,Annual with two seasonal components
2021,Makkah,Winter,9119507632.0,2009727458.0,GASTAT original workbook,HouseholdEnergyStatistics2021En.xlsx,27,Original GASTAT publication selected; independent supplied CSV agrees within tolerance.,houses-consumption-and-cost-of-electricity-in-the-administrative-regions- (2).csv,Administrative region,Annual with two seasonal components
2021,Najran,Rest of the year,1588964924.0,383180808.0,GASTAT original workbook,HouseholdEnergyStatistics2021En.xlsx,27,Original GASTAT publication selected; independent supplied CSV agrees within tolerance.,houses-consumption-and-cost-of-electricity-in-the-administrative-regions- (2).csv,Administrative region,Annual with two seasonal components
2021,Najran,Winter,429201785.0,95069179.0,GASTAT original workbook,HouseholdEnergyStatistics2021En.xlsx,27,Original GASTAT publication selected; independent supplied CSV agrees within tolerance.,houses-consumption-and-cost-of-electricity-in-the-administrative-regions- (2).csv,Administrative region,Annual with two seasonal components
2021,Northern Borders,Rest of the year,1235235280.0,279104695.0,GASTAT original workbook,HouseholdEnergyStatistics2021En.xlsx,27,Original GASTAT publication selected; independent supplied CSV agrees within tolerance.,houses-consumption-and-cost-of-electricity-in-the-administrative-regions- (2).csv,Administrative region,Annual with two seasonal components
2021,Northern Borders,Winter,309277127.0,67334139.0,GASTAT original workbook,HouseholdEnergyStatistics2021En.xlsx,27,Original GASTAT publication selected; independent supplied CSV agrees within tolerance.,houses-consumption-and-cost-of-electricity-in-the-administrative-regions- (2).csv,Administrative region,Annual with two seasonal components
2021,Riyadh,Rest of the year,48478866294.0,11552922000.0,GASTAT original workbook,HouseholdEnergyStatistics2021En.xlsx,27,Original GASTAT publication selected; independent supplied CSV agrees within tolerance.,houses-consumption-and-cost-of-electricity-in-the-administrative-regions- (2).csv,Administrative region,Annual with two seasonal components
2021,Riyadh,Winter,7796039221.0,1730985918.0,GASTAT original workbook,HouseholdEnergyStatistics2021En.xlsx,27,Original GASTAT publication selected; independent supplied CSV agrees within tolerance.,houses-consumption-and-cost-of-electricity-in-the-administrative-regions- (2).csv,Administrative region,Annual with two seasonal components
2021,Tabuk,Rest of the year,3260738261.0,734721740.0,GASTAT original workbook,HouseholdEnergyStatistics2021En.xlsx,27,Original GASTAT publication selected; independent supplied CSV agrees within tolerance.,houses-consumption-and-cost-of-electricity-in-the-administrative-regions- (2).csv,Administrative region,Annual with two seasonal components
2021,Tabuk,Winter,601998801.0,136078020.0,GASTAT original workbook,HouseholdEnergyStatistics2021En.xlsx,27,Original GASTAT publication selected; independent supplied CSV agrees within tolerance.,houses-consumption-and-cost-of-electricity-in-the-administrative-regions- (2).csv,Administrative region,Annual with two seasonal components
2022,Al-Bahah,Rest of the year,1744594147.6505747,374203654.83382934,GASTAT original workbook,HouseholdEnergyStatistics2022En.xlsx,1-2,Original GASTAT publication selected; independent supplied CSV agrees within tolerance.,houses-consumption-and-cost-of-electricity-in-the-administrative-regions- (2).csv,Administrative region,Annual with two seasonal components
2022,Al-Bahah,Winter,438511503.9631197,95129436.74375257,GASTAT original workbook,HouseholdEnergyStatistics2022En.xlsx,1-2,Original GASTAT publication selected; independent supplied CSV agrees within tolerance.,houses-consumption-and-cost-of-electricity-in-the-administrative-regions- (2).csv,Administrative region,Annual with two seasonal components
2022,Al-Jouf,Rest of the year,1929485006.555684,411401253.00673836,GASTAT original workbook,HouseholdEnergyStatistics2022En.xlsx,1-2,Original GASTAT publication selected; independent supplied CSV agrees within tolerance.,houses-consumption-and-cost-of-electricity-in-the-administrative-regions- (2).csv,Administrative region,Annual with two seasonal components
2022,Al-Jouf,Winter,577782031.280273,124274911.48681298,GASTAT original workbook,HouseholdEnergyStatistics2022En.xlsx,1-2,Original GASTAT publication selected; independent supplied CSV agrees within tolerance.,houses-consumption-and-cost-of-electricity-in-the-administrative-regions- (2).csv,Administrative region,Annual with two seasonal components
2022,Al-Qassim,Rest of the year,7042941762.035676,1517744512.6265588,GASTAT original workbook,HouseholdEnergyStatistics2022En.xlsx,1-2,Original GASTAT publication selected; independent supplied CSV agrees within tolerance.,houses-consumption-and-cost-of-electricity-in-the-administrative-regions- (2).csv,Administrative region,Annual with two seasonal components
2022,Al-Qassim,Winter,1319360022.1135771,285900564.70996886,GASTAT original workbook,HouseholdEnergyStatistics2022En.xlsx,1-2,Original GASTAT publication selected; independent supplied CSV agrees within tolerance.,houses-consumption-and-cost-of-electricity-in-the-administrative-regions- (2).csv,Administrative region,Annual with two seasonal components
2022,Asir,Rest of the year,7068160876.405769,1526917250.8940885,GASTAT original workbook,HouseholdEnergyStatistics2022En.xlsx,1-2,Original GASTAT publication selected; independent supplied CSV agrees within tolerance.,houses-consumption-and-cost-of-electricity-in-the-administrative-regions- (2).csv,Administrative region,Annual with two seasonal components
2022,Asir,Winter,1904918502.7695234,414583416.78546774,GASTAT original workbook,HouseholdEnergyStatistics2022En.xlsx,1-2,Original GASTAT publication selected; independent supplied CSV agrees within tolerance.,houses-consumption-and-cost-of-electricity-in-the-administrative-regions- (2).csv,Administrative region,Annual with two seasonal components
2022,Eastern Region,Rest of the year,22330217672.695526,4749091858.992446,GASTAT original workbook,HouseholdEnergyStatistics2022En.xlsx,1-2,Original GASTAT publication selected; independent supplied CSV agrees within tolerance.,houses-consumption-and-cost-of-electricity-in-the-administrative-regions- (2).csv,Administrative region,Annual with two seasonal components
2022,Eastern Region,Winter,3560456040.834077,775137570.7781062,GASTAT original workbook,HouseholdEnergyStatistics2022En.xlsx,1-2,Original GASTAT publication selected; independent supplied CSV agrees within tolerance.,houses-consumption-and-cost-of-electricity-in-the-administrative-regions- (2).csv,Administrative region,Annual with two seasonal components
2022,Hail,Rest of the year,3554537683.625925,768668166.6378961,GASTAT original workbook,HouseholdEnergyStatistics2022En.xlsx,1-2,Original GASTAT publication selected; independent supplied CSV agrees within tolerance.,houses-consumption-and-cost-of-electricity-in-the-administrative-regions- (2).csv,Administrative region,Annual with two seasonal components
2022,Hail,Winter,916045926.6751179,197964852.49643362,GASTAT original workbook,HouseholdEnergyStatistics2022En.xlsx,1-2,Original GASTAT publication selected; independent supplied CSV agrees within tolerance.,houses-consumption-and-cost-of-electricity-in-the-administrative-regions- (2).csv,Administrative region,Annual with two seasonal components
2022,Jazan,Rest of the year,6363299962.5908575,1399549855.4882736,GASTAT original workbook,HouseholdEnergyStatistics2022En.xlsx,1-2,Original GASTAT publication selected; independent supplied CSV agrees within tolerance.,houses-consumption-and-cost-of-electricity-in-the-administrative-regions- (2).csv,Administrative region,Annual with two seasonal components
2022,Jazan,Winter,1474368226.1921697,319863623.9876814,GASTAT original workbook,HouseholdEnergyStatistics2022En.xlsx,1-2,Original GASTAT publication selected; independent supplied CSV agrees within tolerance.,houses-consumption-and-cost-of-electricity-in-the-administrative-regions- (2).csv,Administrative region,Annual with two seasonal components
2022,Madinah,Rest of the year,9116706247.741154,1959853435.2443635,GASTAT original workbook,HouseholdEnergyStatistics2022En.xlsx,1-2,Original GASTAT publication selected; independent supplied CSV agrees within tolerance.,houses-consumption-and-cost-of-electricity-in-the-administrative-regions- (2).csv,Administrative region,Annual with two seasonal components
2022,Madinah,Winter,1603432658.666758,351392203.2630456,GASTAT original workbook,HouseholdEnergyStatistics2022En.xlsx,1-2,Original GASTAT publication selected; independent supplied CSV agrees within tolerance.,houses-consumption-and-cost-of-electricity-in-the-administrative-regions- (2).csv,Administrative region,Annual with two seasonal components
2022,Makkah,Rest of the year,34857940792.14248,7484200719.778509,GASTAT original workbook,HouseholdEnergyStatistics2022En.xlsx,1-2,Original GASTAT publication selected; independent supplied CSV agrees within tolerance.,houses-consumption-and-cost-of-electricity-in-the-administrative-regions- (2).csv,Administrative region,Annual with two seasonal components
2022,Makkah,Winter,6905449416.637841,1506458087.9232626,GASTAT original workbook,HouseholdEnergyStatistics2022En.xlsx,1-2,Original GASTAT publication selected; independent supplied CSV agrees within tolerance.,houses-consumption-and-cost-of-electricity-in-the-administrative-regions- (2).csv,Administrative region,Annual with two seasonal components
2022,Najran,Rest of the year,2217208939.165246,474613344.810183,GASTAT original workbook,HouseholdEnergyStatistics2022En.xlsx,1-2,Original GASTAT publication selected; independent supplied CSV agrees within tolerance.,houses-consumption-and-cost-of-electricity-in-the-administrative-regions- (2).csv,Administrative region,Annual with two seasonal components
2022,Najran,Winter,473619158.64732385,103258087.85763454,GASTAT original workbook,HouseholdEnergyStatistics2022En.xlsx,1-2,Original GASTAT publication selected; independent supplied CSV agrees within tolerance.,houses-consumption-and-cost-of-electricity-in-the-administrative-regions- (2).csv,Administrative region,Annual with two seasonal components
2022,Northern Borders,Rest of the year,1767270866.0853336,390337957.2707812,GASTAT original workbook,HouseholdEnergyStatistics2022En.xlsx,1-2,Original GASTAT publication selected; independent supplied CSV agrees within tolerance.,houses-consumption-and-cost-of-electricity-in-the-administrative-regions- (2).csv,Administrative region,Annual with two seasonal components
2022,Northern Borders,Winter,455981401.88894534,98825697.08041094,GASTAT original workbook,HouseholdEnergyStatistics2022En.xlsx,1-2,Original GASTAT publication selected; independent supplied CSV agrees within tolerance.,houses-consumption-and-cost-of-electricity-in-the-administrative-regions- (2).csv,Administrative region,Annual with two seasonal components
2022,Riyadh,Rest of the year,41758614119.97405,9058109828.138418,GASTAT original workbook,HouseholdEnergyStatistics2022En.xlsx,1-2,Original GASTAT publication selected; independent supplied CSV agrees within tolerance.,houses-consumption-and-cost-of-electricity-in-the-administrative-regions- (2).csv,Administrative region,Annual with two seasonal components
2022,Riyadh,Winter,7051873187.09648,1530701468.4044638,GASTAT original workbook,HouseholdEnergyStatistics2022En.xlsx,1-2,Original GASTAT publication selected; independent supplied CSV agrees within tolerance.,houses-consumption-and-cost-of-electricity-in-the-administrative-regions- (2).csv,Administrative region,Annual with two seasonal components
2022,Tabuk,Rest of the year,3992525149.8256235,858495393.3211132,GASTAT original workbook,HouseholdEnergyStatistics2022En.xlsx,1-2,Original GASTAT publication selected; independent supplied CSV agrees within tolerance.,houses-consumption-and-cost-of-electricity-in-the-administrative-regions- (2).csv,Administrative region,Annual with two seasonal components
2022,Tabuk,Winter,879807667.6899235,190772517.64892492,GASTAT original workbook,HouseholdEnergyStatistics2022En.xlsx,1-2,Original GASTAT publication selected; independent supplied CSV agrees within tolerance.,houses-consumption-and-cost-of-electricity-in-the-administrative-regions- (2).csv,Administrative region,Annual with two seasonal components
