year,region,annual_consumption_kwh,annual_cost_sar,winter_consumption_kwh,rest_of_year_consumption_kwh,winter_cost_sar,rest_of_year_cost_sar,average_cost_sar_per_kwh,winter_consumption_share_pct,selected_source,source_file,time_index,region_id,rest_to_winter_consumption_ratio,winter_to_rest_consumption_ratio,winter_cost_share_pct,consumption_lag_1,cost_lag_1,consumption_lag_2,cost_lag_2,consumption_rolling_mean_2,consumption_rolling_std_2,cost_rolling_mean_2,consumption_growth_lag_1_pct,cost_growth_lag_1_pct,winter_consumption_growth_lag_1_pct,rest_consumption_growth_lag_1_pct,region_historical_mean_consumption,region_historical_mean_cost,source_lineage
2019,Al-Bahah,2789681094,836616522,583781957,2205899137,153285758,683330764,0.299896831863463,20.9264764440491,GASTAT original workbook,HouseholdEnergyStatistics2019En.xlsx,2,0,3.77863534586767,0.264645806876709,18.3221050468329,3214577055,261429555,3078128993.36281,245063291.019225,3146353024.18141,96483349.6634156,253246423.009612,4.43282467795869,6.67838251608697,1.8743144312823,5.09560238588078,3146353024.18141,253246423.009612,GASTAT original workbook | HouseholdEnergyStatistics2019En.xlsx
2020,Al-Bahah,2303504309,507143229,469165147,1834339162,96607805,410535424,0.220161615074279,20.3674525446698,GASTAT original workbook,HouseholdEnergyStatistics2020En.xlsx,3,0,3.90979418170634,0.255767939059026,19.0494123702478,2789681094,836616522,3214577055,261429555,3002129074.5,300446815.321875,549023038.5,-13.2177874018951,220.016044857667,-9.51828801883975,-14.1467620169496,3027462380.7876,447703122.673075,GASTAT original workbook | HouseholdEnergyStatistics2020En.xlsx
2021,Al-Bahah,1832647730,403835002,367849699,1464798031,81175236,322659766,0.220356043002329,20.0720352841623,GASTAT original workbook,HouseholdEnergyStatistics2021En.xlsx,4,0,3.98205580970178,0.251126565721059,20.1010897019768,2303504309,507143229,2789681094,836616522,2546592701.5,343778901.528974,671879875.5,-17.4276832590528,-39.3816383415866,-19.633496483688,-16.8439240383999,2846472862.8407,462563149.254806,GASTAT original workbook | HouseholdEnergyStatistics2021En.xlsx
2022,Al-Bahah,2183105651.61369,469333091.577582,438511503.96312,1744594147.65057,95129436.7437526,374203654.833829,0.214984140245646,20.0865910286561,GASTAT original workbook,HouseholdEnergyStatistics2022En.xlsx,5,0,3.97844556387579,0.251354450863921,20.2690665650682,1832647730,403835002,2303504309,507143229,2068076019.5,332945879.977199,455489115.5,-20.4408811895997,-20.3706213733162,-21.5948368389777,-20.1457363313928,2643707836.27256,450817519.803845,GASTAT original workbook | HouseholdEnergyStatistics2022En.xlsx
2019,Al-Jouf,3265981960,1122461237,700853935,2565128025,178038911,944422326,0.343682620035048,21.459210233972,GASTAT original workbook,HouseholdEnergyStatistics2019En.xlsx,2,1,3.66000374243458,0.273223764338234,15.8614752234869,5643290091,827752089,5588687122.23086,296932616.553909,5615988606.61543,38610129.4895774,562342352.776955,0.977026760935318,178.767653956843,1.63821100787065,0.824575334519806,5615988606.61543,562342352.776955,GASTAT original workbook | HouseholdEnergyStatistics2019En.xlsx
2020,Al-Jouf,2593704416,641460900,503142337,2090562079,101309290,540151610,0.247314572949395,19.3985996976457,GASTAT original workbook,HouseholdEnergyStatistics2020En.xlsx,3,1,4.15501126672232,0.240673234272322,15.7935253730976,3265981960,1122461237,5643290091,827752089,4454636025.5,1681010700.40002,975106663,-42.1262790440521,35.6035523094886,-34.149481836377,-43.9803577087653,4832653057.74362,749048647.51797,GASTAT original workbook | HouseholdEnergyStatistics2020En.xlsx
2021,Al-Jouf,1495169225,354387934,263994514,1231174711,58868009,295519925,0.237021955825769,17.6564973105302,GASTAT original workbook,HouseholdEnergyStatistics2021En.xlsx,4,1,4.66363748376983,0.214424899765505,16.6111775690422,2593704416,641460900,3265981960,1122461237,2929843188,475372010.201837,881961068.5,-20.584239356913,-42.8522893392353,-28.2101002971468,-18.5006729245025,4272915897.30771,722151710.638477,GASTAT original workbook | HouseholdEnergyStatistics2021En.xlsx
2022,Al-Jouf,2507267037.83596,535676164.493551,577782031.280273,1929485006.55568,124274911.486813,411401253.006738,0.213649426411276,23.0442957435823,GASTAT original workbook,HouseholdEnergyStatistics2022En.xlsx,5,1,3.33946869597217,0.299448831847452,23.1996343545185,1495169225,354387934,2593704416,641460900,2044436820.5,776781682.928159,497924417,-42.3539083414199,-44.7529952332247,-47.5308487109086,-41.1079573590601,3717366562.84617,648598955.310782,GASTAT original workbook | HouseholdEnergyStatistics2022En.xlsx
2019,Al-Qassim,8292713388,2418167922,1937898085,6354815303,566546168,1851621754,0.291601531230926,23.3686851857709,GASTAT original workbook,HouseholdEnergyStatistics2019En.xlsx,2,2,3.27923091115496,0.304949552835179,23.4287355665286,10937520259,922177731,10384493122.6399,830002011.56299,10661006690.82,391049238.300396,876089871.281495,5.32550919750139,11.1054814509946,10.0167201877267,4.41852441236408,10661006690.82,876089871.281495,GASTAT original workbook | HouseholdEnergyStatistics2019En.xlsx
2020,Al-Qassim,10038115978,2197242924,1539416298,8498699680,338333822,1858909102,0.218889971864798,15.3357094236992,GASTAT original workbook,HouseholdEnergyStatistics2020En.xlsx,3,2,5.5207286625726,0.181135509661873,15.3981072508849,8292713388,2418167922,10937520259,922177731,9615116823.5,1870160873.41287,1670172826.5,-24.1810466026219,162.223630078094,4.69718798245731,-30.0636127258941,9871575589.87997,1390115888.18766,GASTAT original workbook | HouseholdEnergyStatistics2020En.xlsx
2021,Al-Qassim,10685966202,2405546724,1262290669,9423675533,277701619,2127845105,0.225112701886496,11.8126021095196,GASTAT original workbook,HouseholdEnergyStatistics2021En.xlsx,4,2,7.46553528789493,0.133948867889147,11.54422053953,10038115978,2197242924,8292713388,2418167922,9165414683,1234186007.28956,2307705423,21.0474245079505,-9.13604865857616,-20.5625770562645,33.7363758784289,9913210686.90998,1591897647.14075,GASTAT original workbook | HouseholdEnergyStatistics2021En.xlsx
2022,Al-Qassim,8362301784.14925,1803645077.33653,1319360022.11358,7042941762.03568,285900564.709969,1517744512.62656,0.215687632890185,15.7774743864713,GASTAT original workbook,HouseholdEnergyStatistics2022En.xlsx,5,2,5.33815004546908,0.187330815260388,15.8512652130076,10685966202,2405546724,10038115978,2197242924,10362041090,458099286.583624,2301394824,6.45390255920393,9.48023533150311,-18.0019939609604,10.8837338396219,10067761789.928,1754627462.5126,GASTAT original workbook | HouseholdEnergyStatistics2022En.xlsx
2019,Asir,13625748398,4170282160,2996611212,10629137186,675309400,3494972760,0.306058943566881,21.9922687875247,GASTAT original workbook,HouseholdEnergyStatistics2019En.xlsx,2,3,3.54705246494286,0.281924220147138,16.1933743111521,24780198852,3196672520,24610534454.8141,2245157639.95908,24695366653.4071,119970845.776044,2720915079.97954,0.689397450906082,42.3807604021187,1.1790814199272,0.590177903886691,24695366653.4071,2720915079.97954,GASTAT original workbook | HouseholdEnergyStatistics2019En.xlsx
2020,Asir,10832588845,2455697225,1945750042,8886838803,363141089,2092556136,0.226695322802127,17.9620040033007,GASTAT original workbook,HouseholdEnergyStatistics2020En.xlsx,3,3,4.56730752212416,0.218947376579303,14.7876979825964,13625748398,4170282160,24780198852,3196672520,19202973625,7887387556.43276,3683477340,-45.0135631300623,30.4569715511553,-28.5724868123771,-48.3643496117369,21005493901.6047,3204037439.98636,GASTAT original workbook | HouseholdEnergyStatistics2020En.xlsx
2021,Asir,5949106568,1413160934,857927505,5091179063,200717977,1212442957,0.237541707792114,14.4211150900331,GASTAT original workbook,HouseholdEnergyStatistics2021En.xlsx,4,3,5.93427653657053,0.168512537937423,14.2034762050675,10832588845,2455697225,13625748398,4170282160,12229168621.5,1975062060.86229,3312989692.5,-20.4991276179001,-41.1143627509367,-35.068318699196,-16.3917197841311,18462267637.4535,3016952386.23977,GASTAT original workbook | HouseholdEnergyStatistics2021En.xlsx
2022,Asir,8973079379.17529,1941500667.67956,1904918502.76952,7068160876.40577,414583416.785468,1526917250.89409,0.216369496539325,21.2292616868012,GASTAT original workbook,HouseholdEnergyStatistics2022En.xlsx,5,3,3.71047940692975,0.269506953234233,21.353761226411,5949106568,1413160934,10832588845,2455697225,8390847706.5,3453143433.87102,1934429079.5,-45.0813960252361,-42.4537797407007,-55.9076198647719,-42.7110227173094,15959635423.5628,2696194095.79182,GASTAT original workbook | HouseholdEnergyStatistics2022En.xlsx
2019,Eastern Region,32484475163,11329072150,4294128877,28190346286,952025741,10377046409,0.348753430466498,13.2190187942179,GASTAT original workbook,HouseholdEnergyStatistics2019En.xlsx,2,4,6.56485799413048,0.152326219530427,8.40338668864422,36141733496,3494634736,35990505143.6888,3524878638.09958,36066119319.8444,106934593.426898,3509756687.04979,0.420189579744457,-0.858012578721956,1.03790478929249,0.31439275765166,36066119319.8444,3509756687.04979,GASTAT original workbook | HouseholdEnergyStatistics2019En.xlsx
2020,Eastern Region,25039529172,6148415052,3482159360,21557369812,664686072,5483728980,0.245548349162865,13.9066487076517,GASTAT original workbook,HouseholdEnergyStatistics2020En.xlsx,3,4,6.19080506757738,0.16152988005344,10.8106896879674,32484475163,11329072150,36141733496,3494634736,34313104329.5,2586072167.81531,7411853443,-10.1192111701138,224.184729044598,-19.2437887313121,-8.54516242237219,34872237934.2296,6116195174.69986,GASTAT original workbook | HouseholdEnergyStatistics2020En.xlsx
2021,Eastern Region,18541505095,4221531583,2617365030,15924140065,588371177,3633160406,0.227680091846395,14.1162490131711,GASTAT original workbook,HouseholdEnergyStatistics2021En.xlsx,4,4,6.08403485279239,0.164364607402114,13.9373865961197,25039529172,6148415052,32484475163,11329072150,28762002167.5,5264371795.8037,8738743601,-22.9184739899379,-45.7288737277571,-18.9088297127976,-23.5292479443365,32414060743.6722,6124250144.02489,GASTAT original workbook | HouseholdEnergyStatistics2021En.xlsx
2022,Eastern Region,25890673713.5296,5524229429.77055,3560456040.83408,22330217672.6955,775137570.778106,4749091858.99245,0.213367542725772,13.7518864137301,GASTAT original workbook,HouseholdEnergyStatistics2022En.xlsx,5,4,6.27172963704515,0.1594456486283,14.031596272972,18541505095,4221531583,25039529172,6148415052,21790517133.5,4594796889.16016,5184973317.5,-25.9510633461363,-31.3395151873036,-24.8350015204359,-26.1313406789739,29639549613.9378,5743706431.81992,GASTAT original workbook | HouseholdEnergyStatistics2022En.xlsx
2019,Hail,3861815623,888657499,931962566,2929853057,236304535,652352964,0.230113911629385,24.1327566352331,GASTAT original workbook,HouseholdEnergyStatistics2019En.xlsx,2,5,3.14374542914849,0.3180919137816,26.5911822345405,5218320215,475171976,4982414407.96402,394706295.202756,5100367311.48201,166810595.876425,434939135.601378,4.73476888351358,20.3862167325984,0.551947193304403,5.86046330807137,5100367311.48201,434939135.601378,GASTAT original workbook | HouseholdEnergyStatistics2019En.xlsx
2020,Hail,4313963103,865944215,830065564,3483897539,170320313,695623902,0.200730556642408,19.2413691119138,GASTAT original workbook,HouseholdEnergyStatistics2020En.xlsx,3,5,4.19713537110425,0.238257742860675,19.6687396312244,3861815623,888657499,5218320215,475171976,4540067919,959193595.713891,681914737.5,-25.9950431577722,87.0180784819684,-12.2755282863394,-29.5021307528941,4687516748.65467,586178590.067585,GASTAT original workbook | HouseholdEnergyStatistics2020En.xlsx
2021,Hail,4313947564,952280633,721039786,3592907778,158073974,794206659,0.220744600826122,16.7141527638652,GASTAT original workbook,HouseholdEnergyStatistics2021En.xlsx,4,5,4.9829535731056,0.200684189673627,16.5995157858051,4313963103,865944215,3861815623,888657499,4087889363,319716549.204409,877300857,11.7081581344051,-2.55590978814212,-10.9335938714088,18.9103163613028,4594128337.241,656119996.300689,GASTAT original workbook | HouseholdEnergyStatistics2021En.xlsx
2022,Hail,4470583610.30104,966633019.13433,916045926.675118,3554537683.62593,197964852.496434,768668166.637896,0.216220767442316,20.4905221896394,GASTAT original workbook,HouseholdEnergyStatistics2022En.xlsx,5,5,3.88030510274466,0.25771169367395,20.4798355299017,4313947564,952280633,4313963103,865944215,4313955333.5,10987.7322728578,909112424,-0.000360202431703982,9.9702055287707,-13.1345983652925,3.12897373644605,4538092182.5928,715352123.640551,GASTAT original workbook | HouseholdEnergyStatistics2022En.xlsx
2019,Jazan,9397564226,2423470589,2287978519,7109585707,583000149,1840470440,0.257882843970893,24.3465057963627,GASTAT original workbook,HouseholdEnergyStatistics2019En.xlsx,2,6,3.10736558405599,0.321816011972018,24.0564152767608,14750953202,1822494343,14655084164.5821,1286253649.52746,14703018683.2911,67789646.4639889,1554373996.26373,0.654169135715676,41.6901202705659,1.3494280318274,0.523083195586405,14703018683.2911,1554373996.26373,GASTAT original workbook | HouseholdEnergyStatistics2019En.xlsx
2020,Jazan,7805460602,1625031896,1554582668,6250877934,320517165,1304514731,0.208191672325348,19.9166038657817,GASTAT original workbook,HouseholdEnergyStatistics2020En.xlsx,3,6,4.02093633402067,0.248698292370142,19.7237460870122,9397564226,2423470589,14750953202,1822494343,12074258714,3785417647.25891,2122982466,-36.2918172316767,32.9754793647664,-2.89367284815019,-42.6405551289861,12934533864.1941,1844072860.50915,GASTAT original workbook | HouseholdEnergyStatistics2020En.xlsx
2021,Jazan,5273035639,1176446938,987490903,4285544736,217088274,959358664,0.22310619888454,18.7271805200101,GASTAT original workbook,HouseholdEnergyStatistics2021En.xlsx,4,6,4.3398321169142,0.230423659961999,18.452874242595,7805460602,1625031896,9397564226,2423470589,8601512414,1125787268.88208,2024251242.5,-16.9416626022642,-32.9460855280881,-32.0543154102925,-12.0781689452668,11652265548.6455,1789312619.38186,GASTAT original workbook | HouseholdEnergyStatistics2021En.xlsx
2022,Jazan,7837668188.78303,1719413479.47596,1474368226.19217,6363299962.59086,319863623.987681,1399549855.48827,0.219378192347657,18.811312123448,GASTAT original workbook,HouseholdEnergyStatistics2022En.xlsx,5,6,4.31595028266803,0.231698683836974,18.603065976031,5273035639,1176446938,7805460602,1625031896,6539248120.5,1790694864.18339,1400739417,-32.4442732098489,-27.6046863513379,-36.4787139772743,-31.4409146803218,10376419566.7164,1666739483.10549,GASTAT original workbook | HouseholdEnergyStatistics2022En.xlsx
2019,Madinah,13323863197,3552195584,2896966402,10426896795,619823275,2932372309,0.266604027036229,21.7426909835901,GASTAT original workbook,HouseholdEnergyStatistics2019En.xlsx,2,7,3.59924671124992,0.277835914074567,17.4490187925418,15479286644,1302991274,15393898774.4783,1316727837.81506,15436592709.2391,60378341.5698965,1309859555.90753,0.554686442808805,-1.04323485997359,0.729998076600058,0.521360230592771,15436592709.2391,1309859555.90753,GASTAT original workbook | HouseholdEnergyStatistics2019En.xlsx
2020,Madinah,12326096873,2637497156,2040377831,10285719042,390820207,2246676949,0.213976669433563,16.5533165285225,GASTAT original workbook,HouseholdEnergyStatistics2020En.xlsx,3,7,5.04108547237004,0.198369975173195,14.8178437315441,13323863197,3552195584,15479286644,1302991274,14401574920.5,1524114535.70218,2427593429,-13.9245657540393,172.618524381615,16.9615570539087,-19.8081107782298,14732349538.4928,2057304898.60502,GASTAT original workbook | HouseholdEnergyStatistics2020En.xlsx
2021,Madinah,11038916270,2513774412,1502964633,9535951637,333905495,2179868917,0.227719311435632,13.6151465980818,GASTAT original workbook,HouseholdEnergyStatistics2021En.xlsx,4,7,6.34476116578054,0.15761034558611,13.2830334100799,12326096873,2637497156,13323863197,3552195584,12824980035,705527333.739973,3094846370,-7.48856626075729,-25.7502270460567,-29.5684675669221,-1.35397669868277,14130786372.1196,2202352962.95377,GASTAT original workbook | HouseholdEnergyStatistics2021En.xlsx
2022,Madinah,10720138906.4079,2311245638.50741,1603432658.66676,9116706247.74115,351392203.263046,1959853435.24436,0.215598478591156,14.9572003932553,GASTAT original workbook,HouseholdEnergyStatistics2022En.xlsx,5,7,5.6857431451606,0.175878504263976,15.2035853484605,11038916270,2513774412,12326096873,2637497156,11682506571.5,910174132.993088,2575635784,-10.4427266495003,-4.69091478330299,-26.3389059533455,-7.28940195564793,13512412351.6957,2264637252.76301,GASTAT original workbook | HouseholdEnergyStatistics2022En.xlsx
2019,Makkah,49646990867,12489950209,9811340713,39835650154,2019019112,10470931097,0.251575170838843,19.7622062116186,GASTAT original workbook,HouseholdEnergyStatistics2019En.xlsx,2,8,4.06016377570273,0.246295483444364,16.165149405841,65594746995,6298253071,65176664348.3867,5824729025.39949,65385705671.6934,295629074.516651,6061491048.19975,0.641460637473701,8.12954634517153,2.63499698153029,0.270494154875567,65385705671.6934,6061491048.19975,GASTAT original workbook | HouseholdEnergyStatistics2019En.xlsx
2020,Makkah,54697403161,11578548744,9513673122,45183730039,1827323739,9751225005,0.211683701142428,17.3932811654638,GASTAT original workbook,HouseholdEnergyStatistics2020En.xlsx,3,8,4.74934648895119,0.21055528425361,15.7819756119861,49646990867,12489950209,65594746995,6298253071,57620868931,11276766502.8181,9394101640,-24.3125507126594,98.3081668551772,-6.51414188384531,-27.7026624402674,60139467403.4622,8204310768.4665,GASTAT original workbook | HouseholdEnergyStatistics2020En.xlsx
2021,Makkah,54498273349,12442921930,9119507632,45378765717,2009727458,10433194472,0.228317727615279,16.7335716740966,GASTAT original workbook,HouseholdEnergyStatistics2021En.xlsx,4,8,4.97601049839222,0.200964206229691,16.1515717072413,54697403161,11578548744,49646990867,12489950209,52172197014,3571180780.87532,12034249476.5,10.1726453221095,-7.2970784490659,-3.03391350588398,13.4253611132866,58778951342.8467,9047870262.34987,GASTAT original workbook | HouseholdEnergyStatistics2021En.xlsx
2022,Makkah,41763390208.7803,8990658807.70177,6905449416.63784,34857940792.1425,1506458087.92326,7484200719.77851,0.215276077031974,16.5346955362499,GASTAT original workbook,HouseholdEnergyStatistics2022En.xlsx,5,8,5.04788880332053,0.198102620513787,16.7558142305742,54498273349,12442921930,54697403161,11578548744,54597838255,140806040.401822,12010735337,-0.364057159009668,7.46529815705892,-4.14314728859569,0.431650237445336,57922815744.0773,9726880595.8799,GASTAT original workbook | HouseholdEnergyStatistics2022En.xlsx
2019,Najran,3311651001,788501856,743954708,2567696293,168123136,620378720,0.238099321384379,22.464767808424,GASTAT original workbook,HouseholdEnergyStatistics2019En.xlsx,2,9,3.45141480440769,0.289736255034582,21.3218440414172,4829334084,463561284,4791336394.2692,505799205.331946,4810335239.1346,26868424.0780685,484680244.665973,0.793049926034084,-8.35072908116303,1.62630233682408,0.634170793144495,4810335239.1346,484680244.665973,GASTAT original workbook | HouseholdEnergyStatistics2019En.xlsx
2020,Najran,2789328989,564794992,569210792,2220118197,110480000,454314992,0.20248417960998,20.406728437009,GASTAT original workbook,HouseholdEnergyStatistics2020En.xlsx,3,9,3.90034452649661,0.256387607096398,19.5610799608506,3311651001,788501856,4829334084,463561284,4070492542.5,1073163999.68141,626031570,-31.4263427752537,70.0965726033324,-4.59171134403977,-36.5934392276268,4310773826.42307,585954115.110649,GASTAT original workbook | HouseholdEnergyStatistics2020En.xlsx
2021,Najran,2018166709,478249987,429201785,1588964924,95069179,383180808,0.236972488381286,21.2669143280373,GASTAT original workbook,HouseholdEnergyStatistics2021En.xlsx,4,9,3.70213959851076,0.270114071441894,19.8785533892759,2789328989,564794992,3311651001,788501856,3050489995,369337436.648197,676648424,-15.7722541367517,-28.3711271315004,-23.4885153788152,-13.5365735016077,3930412617.0673,580664334.332987,GASTAT original workbook | HouseholdEnergyStatistics2021En.xlsx
2022,Najran,2690828097.81257,577871432.667818,473619158.647324,2217208939.16525,103258087.857635,474613344.810183,0.214755982791164,17.6012417527652,GASTAT original workbook,HouseholdEnergyStatistics2022En.xlsx,5,9,4.68141733433607,0.213610521895891,17.8686957029404,2018166709,478249987,2789328989,564794992,2403747849,545294077.583275,521522489.5,-27.6468743214284,-15.3232599838633,-24.5970401418531,-28.4288140087705,3547963435.45384,560181464.866389,GASTAT original workbook | HouseholdEnergyStatistics2022En.xlsx
2019,Northern Borders,1846945350,440027650,476021255,1370924095,142002715,298024935,0.23824616683975,25.7734347689281,GASTAT original workbook,HouseholdEnergyStatistics2019En.xlsx,2,10,2.87996403647984,0.347226558156015,32.2713163593242,2216659455,194827934,2142165202.3381,153329672.080928,2179412328.66905,52675391.2166557,174078803.040464,3.47752136859449,27.064730104666,0.752241273270449,4.22585037977843,2179412328.66905,174078803.040464,GASTAT original workbook | HouseholdEnergyStatistics2019En.xlsx
2020,Northern Borders,1726942826,351519795,379159286,1347783540,83999462,267520333,0.203550337456279,21.9555204892464,GASTAT original workbook,HouseholdEnergyStatistics2020En.xlsx,3,10,3.55466314492427,0.281320608797463,23.8960830072173,1846945350,440027650,2216659455,194827934,2031802402.5,261427350.745815,317427792,-16.6788860673233,125.854496819743,2.37809193410559,-21.7373043604792,2068590002.44603,262728418.693643,GASTAT original workbook | HouseholdEnergyStatistics2020En.xlsx
2021,Northern Borders,1544512407,346438834,309277127,1235235280,67334139,279104695,0.224303043750169,20.0242565613783,GASTAT original workbook,HouseholdEnergyStatistics2021En.xlsx,4,10,3.99394320550579,0.25037912372451,19.4360829074953,1726942826,351519795,1846945350,440027650,1786944088,84854598.4798993,395773722.5,-6.49735109920822,-20.11415759896,-20.3482445337446,-1.6879530445484,1983178208.33452,284926262.770232,GASTAT original workbook | HouseholdEnergyStatistics2021En.xlsx
2022,Northern Borders,2223252267.97428,489163654.351192,455981401.888945,1767270866.08533,98825697.0804109,390337957.270781,0.220021659888778,20.5096564369825,GASTAT original workbook,HouseholdEnergyStatistics2022En.xlsx,5,10,3.8757520784055,0.258014439461103,20.2029926388316,1544512407,346438834,1726942826,351519795,1635727616.5,128997786.369601,348979314.5,-10.5637787339232,-1.44542670776193,-18.4308182814755,-8.35061837897204,1895445048.06762,297228777.016186,GASTAT original workbook | HouseholdEnergyStatistics2022En.xlsx
2019,Riyadh,40748603259,11431943354,8929603334,31818999925,1952659947,9479283407,0.280548103240203,21.913888133154,GASTAT original workbook,HouseholdEnergyStatistics2019En.xlsx,2,11,3.5633161670068,0.28063746048109,17.0807349768469,68331532811,7493312338,67967321953.5769,5647002363.0512,68149427382.2885,257535967.065616,6570157350.5256,0.535861715534169,32.6953993685104,0.327824975878155,0.570311803694801,68149427382.2885,6570157350.5256,GASTAT original workbook | HouseholdEnergyStatistics2019En.xlsx
2020,Riyadh,53561194485,11927547245,8390161686,45171032799,1647747438,10279799807,0.222690090459808,15.6646276593956,GASTAT original workbook,HouseholdEnergyStatistics2020En.xlsx,3,11,5.38380957239159,0.185742082173196,13.8146376967044,40748603259,11431943354,68331532811,7493312338,54540068035,19504076531.21,9462627846,-40.3663263756901,52.561949086607,-7.82600173565569,-45.7418872057751,59015819341.1923,8190752685.01706,GASTAT original workbook | HouseholdEnergyStatistics2020En.xlsx
2021,Riyadh,56274905515,13283907918,7796039221,48478866294,1730985918,11552922000,0.236053846673438,13.8534914446404,GASTAT original workbook,HouseholdEnergyStatistics2021En.xlsx,4,11,6.21839692178737,0.160813150491617,13.0306979594045,53561194485,11927547245,40748603259,11431943354,47154898872,9059870140.47586,11679745299.5,31.4430193951988,4.33525495756231,-6.04104827306319,41.9624529541212,57652163127.1442,9124951325.0128,GASTAT original workbook | HouseholdEnergyStatistics2021En.xlsx
2022,Riyadh,48810487307.0705,10588811296.5429,7051873187.09648,41758614119.9741,1530701468.40446,9058109828.13842,0.216937217404281,14.4474549961622,GASTAT original workbook,HouseholdEnergyStatistics2022En.xlsx,5,11,5.92163429659852,0.168872299421532,14.4558385784457,56274905515,13283907918,53561194485,11927547245,54918050000,1918883471.49373,12605727581.5,5.06656181978911,11.3716646443684,-7.08118016356425,7.32290870947991,57376711604.7154,9956742643.61024,GASTAT original workbook | HouseholdEnergyStatistics2022En.xlsx
2019,Tabuk,4895356711,978495394,1149529403,3745827308,234601401,743893993,0.199882348062868,23.482035546398,GASTAT original workbook,HouseholdEnergyStatistics2019En.xlsx,2,12,3.25857459428552,0.306882647938665,23.9757286992401,5897599322,485318948,5697071041.16949,433889684.403389,5797335181.58475,141794907.194931,459604316.201694,3.51984869736399,11.8530735911199,0.708912951099938,4.20144120159043,5797335181.58475,459604316.201694,GASTAT original workbook | HouseholdEnergyStatistics2019En.xlsx
2020,Tabuk,4448465856,846501254,832394440,3616071416,155716582,690784672,0.190290603862511,18.7119440037352,GASTAT original workbook,HouseholdEnergyStatistics2020En.xlsx,3,12,4.34418016535526,0.230193031121264,18.3953161633473,4895356711,978495394,5897599322,485318948,5396478016.5,708692546.632211,731907171,-16.9940776963485,101.619037960991,2.66340471948006,-21.6008417100658,5496675691.38983,632568008.801129,GASTAT original workbook | HouseholdEnergyStatistics2020En.xlsx
2021,Tabuk,3862737062,870799760,601998801,3260738261,136078020,734721740,0.225435939858958,15.5847729560009,GASTAT original workbook,HouseholdEnergyStatistics2021En.xlsx,4,12,5.41651952725401,0.184620399680709,15.6267865760551,4448465856,846501254,4895356711,978495394,4671911283.5,315999554.020754,912498324,-9.12887214114191,-13.4895003910463,-27.5882428211364,-3.46401158758385,5234623232.54237,686051320.100847,GASTAT original workbook | HouseholdEnergyStatistics2021En.xlsx
2022,Tabuk,4872332817.51555,1049267910.97004,879807667.689924,3992525149.82562,190772517.648925,858495393.321113,0.215352265591961,18.0572161352998,GASTAT original workbook,HouseholdEnergyStatistics2022En.xlsx,5,12,4.53795220983768,0.220363713357786,18.1814878406562,3862737062,870799760,4448465856,846501254,4155601459,414172802.173618,858650507,-13.1669841460058,2.87046308380305,-27.6786614528564,-9.82649716008817,4960245998.4339,723001008.080678,GASTAT original workbook | HouseholdEnergyStatistics2022En.xlsx
