dataset_id,file_name,relative_path,file_type,size_bytes,sha256,source,purpose,temporal_resolution,geographic_resolution,authoritative,observations_or_sheets,variable_count,year_min,year_max,missing_cells,duplicate_rows
householdenergystatistics2019en,HouseholdEnergyStatistics2019En.xlsx,data/raw/old_thesis_data/HouseholdEnergyStatistics2019En.xlsx,xlsx,1041945,366080ed6b84ad7e8a755efdf31dfe504601f040c34fb229361d40c6a29c331c,General Authority for Statistics (GASTAT),2019 household energy survey tables,Annual survey,Primarily administrative region; some national tables,True,199,,2019,2019,,
householdenergystatistics2020en,HouseholdEnergyStatistics2020En.xlsx,data/raw/old_thesis_data/HouseholdEnergyStatistics2020En.xlsx,xlsx,2901025,1e2a64ef37a034a281cf751fba456ce328fe28e5808a7d64c9bbef2c61201178,General Authority for Statistics (GASTAT),2020 household energy survey tables,Annual survey,Primarily administrative region; some national tables,True,49,,2020,2020,,
householdenergystatistics2021en,HouseholdEnergyStatistics2021En.xlsx,data/raw/old_thesis_data/HouseholdEnergyStatistics2021En.xlsx,xlsx,3124364,7a8f30547188dcbff81d8a234c02e06d01b646ceccde3b67cd31d5930f73068d,General Authority for Statistics (GASTAT),2021 household energy survey tables,Annual survey,Primarily administrative region; some national tables,True,51,,2021,2021,,
householdenergystatistics2022en,HouseholdEnergyStatistics2022En.xlsx,data/raw/old_thesis_data/HouseholdEnergyStatistics2022En.xlsx,xlsx,234387,8b537b13ee4fa562d9cdfd4a14b167f6d19b1a65447a407ad98e716454036a2d,General Authority for Statistics (GASTAT),2022 household energy survey tables,Annual survey,Primarily administrative region; some national tables,True,39,,2022,2022,,
householdenergystatistics2023en,HouseholdEnergyStatistics2023En.xlsx,data/raw/old_thesis_data/HouseholdEnergyStatistics2023En.xlsx,xlsx,246697,80d4d8042c46d6d236d305d1598788add3474292ceaed2abd7db64bd7ff317fe,General Authority for Statistics (GASTAT),2023 household energy survey tables,Annual survey,Administrative region indicators and national consumption,True,44,,2023,2023,,
consumer_numbers_and_energy_sales_by_year_and_category,Consumer numbers and energy sales by year and category.csv,data/raw/saudi_energy/Consumer numbers and energy sales by year and category.csv,csv,503,e6ea741b2a400909dfcaf58c0da8f4451e1e42f7af54b8e60940370ba5b82409,Supplied Saudi open-data extract; publisher metadata requires confirmation,2023 operating-region electricity consumption,Annual,Four electricity operating regions,True,8,4,2023,2023,14,2
total_number_of_electricity_users_in_ksa_2024_csv,Total Number of electricity users in KSA 2024 csv.csv,data/raw/saudi_energy/Total Number of electricity users in KSA 2024 csv.csv,csv,8483,4befe80080c6f463d604a642358fabe9afad9237f665c4cc4656cbdd676dfe23,Supplied Saudi open-data extract citing SEC and MARAFIQ,National electricity-user counts by provider and sector,Annual,National by provider and sector,True,88,5,2017,2024,34,4
electricity-consumption-indicators-by-region,electricity-consumption-indicators-by-region.csv,data/raw/saudi_energy/electricity-consumption-indicators-by-region.csv,csv,1589,ac4266f788bf3c5452a708c0ffa54ea18961899a014402c93536cfbcff8af554,Supplied Saudi open-data extract; publisher metadata requires confirmation,Electricity intensity in MWh per customer,Annual,Four electricity operating regions,True,64,3,2005,2020,0,0
energy-consumption-and-number-of-consumers-by-region,energy-consumption-and-number-of-consumers-by-region.csv,data/raw/saudi_energy/energy-consumption-and-number-of-consumers-by-region.csv,csv,12046,ac74d72dc05e10715af031dcd0ca3f35b09c23bc274e501951cb3bdc1c77820e,Supplied Saudi open-data extract; publisher metadata requires confirmation,Energy sales and customer counts by provider and operating region,Annual,Four electricity operating regions,True,240,5,2005,2019,8,0
houses-consumption-and-cost-of-electricity-in-the-administrative-regions-_(2),houses-consumption-and-cost-of-electricity-in-the-administrative-regions- (2).csv,data/raw/saudi_energy/houses-consumption-and-cost-of-electricity-in-the-administrative-regions- (2).csv,csv,18598,559502483d24980995226e82574c3327d3fdc23ba3dac2a5bbb232c6a717eb99,Supplied Saudi open-data extract; publisher metadata requires confirmation,Household consumption and cost by administrative region and season,Annual with winter/rest-of-year components,Administrative region and national total,True,336,5,2017,2022,0,0
saudi-arabia-electricity-load-monthly-by-region,saudi-arabia-electricity-load-monthly-by-region.csv,data/raw/saudi_energy/saudi-arabia-electricity-load-monthly-by-region.csv,csv,71564,3814c1b16204c1548467b7986b1b0e72d57d26eb81fa120d63329b12bda0eb38,Supplied Saudi open-data extract; publisher metadata requires confirmation,"Monthly minimum, average, and maximum electricity load",Monthly,Four electricity operating regions,True,1584,3,,,0,0
household_energy_merged_panel,household_energy_merged_panel.csv,data/raw/technical_work_reference/household_energy_merged_panel.csv,csv,13965,f1a85d30886cf1c07ad06750f470d8871d4320596e44fae11de4e5dbfc2b2f1c,Historical derived reference artifact; original lineage must be reproduced,Prior processed or feature-engineered reference file,Derived,Derived,False,85,14,2017,2022,0,0
household_energy_merged_panel_clean13,household_energy_merged_panel_clean13.csv,data/raw/technical_work_reference/household_energy_merged_panel_clean13.csv,csv,12889,47b700b125a88fd8dad141d4f11c53f3c177df40c0c939d7c6d2df3f56b95c68,Historical derived reference artifact; original lineage must be reproduced,Prior processed or feature-engineered reference file,Derived,Derived,False,78,14,2017,2022,0,0
household_energy_regions_unique,household_energy_regions_unique.csv,data/raw/technical_work_reference/household_energy_regions_unique.csv,csv,127,9e61a5333f5a6df170b37b6a07a9bf961d8ef81c6282703c71da7f3bca609a88,Historical derived reference artifact; original lineage must be reproduced,Prior processed or feature-engineered reference file,Derived,Derived,False,14,3,,,25,0
ml_national_features,ml_national_features.csv,data/raw/technical_work_reference/ml_national_features.csv,csv,424,b7e20f6d0906984bfc06d7caf42053b390cc093b57bde8ed08c20013eb5ac5cd,Historical derived reference artifact; original lineage must be reproduced,Prior processed or feature-engineered reference file,Derived,Derived,False,4,6,2019,2022,0,0
ml_region_features,ml_region_features.csv,data/raw/technical_work_reference/ml_region_features.csv,csv,7191,a5d795cf1e3441692be14ff9d301309e6640735f6500daf353a193c963bc6881,Historical derived reference artifact; original lineage must be reproduced,Prior processed or feature-engineered reference file,Derived,Derived,False,52,21,2019,2022,0,0
