year,region,season,measure,unit,value_gastat,source_file_gastat,source_sheet,source_table,source_excel_row,value_csv,source_file_csv,_merge,absolute_difference,percentage_difference,agreement_status,selected_source,selected_value,justification
2019,Al-Bahah,Rest of the year,Consumption,kWh,2205899137.0,HouseholdEnergyStatistics2019En.xlsx,76,Table 37,19,2205899137.0,houses-consumption-and-cost-of-electricity-in-the-administrative-regions- (2).csv,both,0.0,0.0,Agreement within tolerance,GASTAT original workbook,2205899137.0,Original GASTAT publication selected; independent supplied CSV agrees within tolerance.
2019,Al-Bahah,Rest of the year,Cost,SAR,683330764.0,HouseholdEnergyStatistics2019En.xlsx,76,Table 37,19,683330764.0,houses-consumption-and-cost-of-electricity-in-the-administrative-regions- (2).csv,both,0.0,0.0,Agreement within tolerance,GASTAT original workbook,683330764.0,Original GASTAT publication selected; independent supplied CSV agrees within tolerance.
2019,Al-Bahah,Winter,Consumption,kWh,583781957.0,HouseholdEnergyStatistics2019En.xlsx,76,Table 37,19,583781957.0,houses-consumption-and-cost-of-electricity-in-the-administrative-regions- (2).csv,both,0.0,0.0,Agreement within tolerance,GASTAT original workbook,583781957.0,Original GASTAT publication selected; independent supplied CSV agrees within tolerance.
2019,Al-Bahah,Winter,Cost,SAR,153285758.0,HouseholdEnergyStatistics2019En.xlsx,76,Table 37,19,153285758.0,houses-consumption-and-cost-of-electricity-in-the-administrative-regions- (2).csv,both,0.0,0.0,Agreement within tolerance,GASTAT original workbook,153285758.0,Original GASTAT publication selected; independent supplied CSV agrees within tolerance.
2019,Al-Jouf,Rest of the year,Consumption,kWh,2565128025.0,HouseholdEnergyStatistics2019En.xlsx,76,Table 37,20,2565128025.0,houses-consumption-and-cost-of-electricity-in-the-administrative-regions- (2).csv,both,0.0,0.0,Agreement within tolerance,GASTAT original workbook,2565128025.0,Original GASTAT publication selected; independent supplied CSV agrees within tolerance.
2019,Al-Jouf,Rest of the year,Cost,SAR,944422326.0,HouseholdEnergyStatistics2019En.xlsx,76,Table 37,20,944422326.0,houses-consumption-and-cost-of-electricity-in-the-administrative-regions- (2).csv,both,0.0,0.0,Agreement within tolerance,GASTAT original workbook,944422326.0,Original GASTAT publication selected; independent supplied CSV agrees within tolerance.
2019,Al-Jouf,Winter,Consumption,kWh,700853935.0,HouseholdEnergyStatistics2019En.xlsx,76,Table 37,20,700853935.0,houses-consumption-and-cost-of-electricity-in-the-administrative-regions- (2).csv,both,0.0,0.0,Agreement within tolerance,GASTAT original workbook,700853935.0,Original GASTAT publication selected; independent supplied CSV agrees within tolerance.
2019,Al-Jouf,Winter,Cost,SAR,178038911.0,HouseholdEnergyStatistics2019En.xlsx,76,Table 37,20,178038911.0,houses-consumption-and-cost-of-electricity-in-the-administrative-regions- (2).csv,both,0.0,0.0,Agreement within tolerance,GASTAT original workbook,178038911.0,Original GASTAT publication selected; independent supplied CSV agrees within tolerance.
2019,Al-Qassim,Rest of the year,Consumption,kWh,6354815303.0,HouseholdEnergyStatistics2019En.xlsx,76,Table 37,11,6354815303.0,houses-consumption-and-cost-of-electricity-in-the-administrative-regions- (2).csv,both,0.0,0.0,Agreement within tolerance,GASTAT original workbook,6354815303.0,Original GASTAT publication selected; independent supplied CSV agrees within tolerance.
2019,Al-Qassim,Rest of the year,Cost,SAR,1851621754.0,HouseholdEnergyStatistics2019En.xlsx,76,Table 37,11,1851621754.0,houses-consumption-and-cost-of-electricity-in-the-administrative-regions- (2).csv,both,0.0,0.0,Agreement within tolerance,GASTAT original workbook,1851621754.0,Original GASTAT publication selected; independent supplied CSV agrees within tolerance.
2019,Al-Qassim,Winter,Consumption,kWh,1937898085.0,HouseholdEnergyStatistics2019En.xlsx,76,Table 37,11,1937898085.0,houses-consumption-and-cost-of-electricity-in-the-administrative-regions- (2).csv,both,0.0,0.0,Agreement within tolerance,GASTAT original workbook,1937898085.0,Original GASTAT publication selected; independent supplied CSV agrees within tolerance.
2019,Al-Qassim,Winter,Cost,SAR,566546168.0,HouseholdEnergyStatistics2019En.xlsx,76,Table 37,11,566546168.0,houses-consumption-and-cost-of-electricity-in-the-administrative-regions- (2).csv,both,0.0,0.0,Agreement within tolerance,GASTAT original workbook,566546168.0,Original GASTAT publication selected; independent supplied CSV agrees within tolerance.
2019,Asir,Rest of the year,Consumption,kWh,10629137186.0,HouseholdEnergyStatistics2019En.xlsx,76,Table 37,13,10629137186.0,houses-consumption-and-cost-of-electricity-in-the-administrative-regions- (2).csv,both,0.0,0.0,Agreement within tolerance,GASTAT original workbook,10629137186.0,Original GASTAT publication selected; independent supplied CSV agrees within tolerance.
2019,Asir,Rest of the year,Cost,SAR,3494972760.0,HouseholdEnergyStatistics2019En.xlsx,76,Table 37,13,3494972760.0,houses-consumption-and-cost-of-electricity-in-the-administrative-regions- (2).csv,both,0.0,0.0,Agreement within tolerance,GASTAT original workbook,3494972760.0,Original GASTAT publication selected; independent supplied CSV agrees within tolerance.
2019,Asir,Winter,Consumption,kWh,2996611212.0,HouseholdEnergyStatistics2019En.xlsx,76,Table 37,13,2996611212.0,houses-consumption-and-cost-of-electricity-in-the-administrative-regions- (2).csv,both,0.0,0.0,Agreement within tolerance,GASTAT original workbook,2996611212.0,Original GASTAT publication selected; independent supplied CSV agrees within tolerance.
2019,Asir,Winter,Cost,SAR,675309400.0,HouseholdEnergyStatistics2019En.xlsx,76,Table 37,13,675309400.0,houses-consumption-and-cost-of-electricity-in-the-administrative-regions- (2).csv,both,0.0,0.0,Agreement within tolerance,GASTAT original workbook,675309400.0,Original GASTAT publication selected; independent supplied CSV agrees within tolerance.
2019,Eastern Region,Rest of the year,Consumption,kWh,28190346286.0,HouseholdEnergyStatistics2019En.xlsx,76,Table 37,12,28190346286.0,houses-consumption-and-cost-of-electricity-in-the-administrative-regions- (2).csv,both,0.0,0.0,Agreement within tolerance,GASTAT original workbook,28190346286.0,Original GASTAT publication selected; independent supplied CSV agrees within tolerance.
2019,Eastern Region,Rest of the year,Cost,SAR,10377046409.0,HouseholdEnergyStatistics2019En.xlsx,76,Table 37,12,10377046409.0,houses-consumption-and-cost-of-electricity-in-the-administrative-regions- (2).csv,both,0.0,0.0,Agreement within tolerance,GASTAT original workbook,10377046409.0,Original GASTAT publication selected; independent supplied CSV agrees within tolerance.
2019,Eastern Region,Winter,Consumption,kWh,4294128877.0,HouseholdEnergyStatistics2019En.xlsx,76,Table 37,12,4294128877.0,houses-consumption-and-cost-of-electricity-in-the-administrative-regions- (2).csv,both,0.0,0.0,Agreement within tolerance,GASTAT original workbook,4294128877.0,Original GASTAT publication selected; independent supplied CSV agrees within tolerance.
2019,Eastern Region,Winter,Cost,SAR,952025741.0,HouseholdEnergyStatistics2019En.xlsx,76,Table 37,12,952025741.0,houses-consumption-and-cost-of-electricity-in-the-administrative-regions- (2).csv,both,0.0,0.0,Agreement within tolerance,GASTAT original workbook,952025741.0,Original GASTAT publication selected; independent supplied CSV agrees within tolerance.
2019,Hail,Rest of the year,Consumption,kWh,2929853057.0,HouseholdEnergyStatistics2019En.xlsx,76,Table 37,15,2929853057.0,houses-consumption-and-cost-of-electricity-in-the-administrative-regions- (2).csv,both,0.0,0.0,Agreement within tolerance,GASTAT original workbook,2929853057.0,Original GASTAT publication selected; independent supplied CSV agrees within tolerance.
2019,Hail,Rest of the year,Cost,SAR,652352964.0,HouseholdEnergyStatistics2019En.xlsx,76,Table 37,15,652352964.0,houses-consumption-and-cost-of-electricity-in-the-administrative-regions- (2).csv,both,0.0,0.0,Agreement within tolerance,GASTAT original workbook,652352964.0,Original GASTAT publication selected; independent supplied CSV agrees within tolerance.
2019,Hail,Winter,Consumption,kWh,931962566.0,HouseholdEnergyStatistics2019En.xlsx,76,Table 37,15,931962566.0,houses-consumption-and-cost-of-electricity-in-the-administrative-regions- (2).csv,both,0.0,0.0,Agreement within tolerance,GASTAT original workbook,931962566.0,Original GASTAT publication selected; independent supplied CSV agrees within tolerance.
2019,Hail,Winter,Cost,SAR,236304535.0,HouseholdEnergyStatistics2019En.xlsx,76,Table 37,15,236304535.0,houses-consumption-and-cost-of-electricity-in-the-administrative-regions- (2).csv,both,0.0,0.0,Agreement within tolerance,GASTAT original workbook,236304535.0,Original GASTAT publication selected; independent supplied CSV agrees within tolerance.
2019,Jazan,Rest of the year,Consumption,kWh,7109585707.0,HouseholdEnergyStatistics2019En.xlsx,76,Table 37,17,7109585707.0,houses-consumption-and-cost-of-electricity-in-the-administrative-regions- (2).csv,both,0.0,0.0,Agreement within tolerance,GASTAT original workbook,7109585707.0,Original GASTAT publication selected; independent supplied CSV agrees within tolerance.
2019,Jazan,Rest of the year,Cost,SAR,1840470440.0,HouseholdEnergyStatistics2019En.xlsx,76,Table 37,17,1840470440.0,houses-consumption-and-cost-of-electricity-in-the-administrative-regions- (2).csv,both,0.0,0.0,Agreement within tolerance,GASTAT original workbook,1840470440.0,Original GASTAT publication selected; independent supplied CSV agrees within tolerance.
2019,Jazan,Winter,Consumption,kWh,2287978519.0,HouseholdEnergyStatistics2019En.xlsx,76,Table 37,17,2287978519.0,houses-consumption-and-cost-of-electricity-in-the-administrative-regions- (2).csv,both,0.0,0.0,Agreement within tolerance,GASTAT original workbook,2287978519.0,Original GASTAT publication selected; independent supplied CSV agrees within tolerance.
2019,Jazan,Winter,Cost,SAR,583000149.0,HouseholdEnergyStatistics2019En.xlsx,76,Table 37,17,583000149.0,houses-consumption-and-cost-of-electricity-in-the-administrative-regions- (2).csv,both,0.0,0.0,Agreement within tolerance,GASTAT original workbook,583000149.0,Original GASTAT publication selected; independent supplied CSV agrees within tolerance.
2019,Madinah,Rest of the year,Consumption,kWh,10426896795.0,HouseholdEnergyStatistics2019En.xlsx,76,Table 37,10,10426896795.0,houses-consumption-and-cost-of-electricity-in-the-administrative-regions- (2).csv,both,0.0,0.0,Agreement within tolerance,GASTAT original workbook,10426896795.0,Original GASTAT publication selected; independent supplied CSV agrees within tolerance.
2019,Madinah,Rest of the year,Cost,SAR,2932372309.0,HouseholdEnergyStatistics2019En.xlsx,76,Table 37,10,2932372309.0,houses-consumption-and-cost-of-electricity-in-the-administrative-regions- (2).csv,both,0.0,0.0,Agreement within tolerance,GASTAT original workbook,2932372309.0,Original GASTAT publication selected; independent supplied CSV agrees within tolerance.
2019,Madinah,Winter,Consumption,kWh,2896966402.0,HouseholdEnergyStatistics2019En.xlsx,76,Table 37,10,2896966402.0,houses-consumption-and-cost-of-electricity-in-the-administrative-regions- (2).csv,both,0.0,0.0,Agreement within tolerance,GASTAT original workbook,2896966402.0,Original GASTAT publication selected; independent supplied CSV agrees within tolerance.
2019,Madinah,Winter,Cost,SAR,619823275.0,HouseholdEnergyStatistics2019En.xlsx,76,Table 37,10,619823275.0,houses-consumption-and-cost-of-electricity-in-the-administrative-regions- (2).csv,both,0.0,0.0,Agreement within tolerance,GASTAT original workbook,619823275.0,Original GASTAT publication selected; independent supplied CSV agrees within tolerance.
2019,Makkah,Rest of the year,Consumption,kWh,39835650154.0,HouseholdEnergyStatistics2019En.xlsx,76,Table 37,9,39835650154.0,houses-consumption-and-cost-of-electricity-in-the-administrative-regions- (2).csv,both,0.0,0.0,Agreement within tolerance,GASTAT original workbook,39835650154.0,Original GASTAT publication selected; independent supplied CSV agrees within tolerance.
2019,Makkah,Rest of the year,Cost,SAR,10470931097.0,HouseholdEnergyStatistics2019En.xlsx,76,Table 37,9,10470931097.0,houses-consumption-and-cost-of-electricity-in-the-administrative-regions- (2).csv,both,0.0,0.0,Agreement within tolerance,GASTAT original workbook,10470931097.0,Original GASTAT publication selected; independent supplied CSV agrees within tolerance.
2019,Makkah,Winter,Consumption,kWh,9811340713.0,HouseholdEnergyStatistics2019En.xlsx,76,Table 37,9,9811340713.0,houses-consumption-and-cost-of-electricity-in-the-administrative-regions- (2).csv,both,0.0,0.0,Agreement within tolerance,GASTAT original workbook,9811340713.0,Original GASTAT publication selected; independent supplied CSV agrees within tolerance.
2019,Makkah,Winter,Cost,SAR,2019019112.0,HouseholdEnergyStatistics2019En.xlsx,76,Table 37,9,2019019112.0,houses-consumption-and-cost-of-electricity-in-the-administrative-regions- (2).csv,both,0.0,0.0,Agreement within tolerance,GASTAT original workbook,2019019112.0,Original GASTAT publication selected; independent supplied CSV agrees within tolerance.
2019,Najran,Rest of the year,Consumption,kWh,2567696293.0,HouseholdEnergyStatistics2019En.xlsx,76,Table 37,18,2567696293.0,houses-consumption-and-cost-of-electricity-in-the-administrative-regions- (2).csv,both,0.0,0.0,Agreement within tolerance,GASTAT original workbook,2567696293.0,Original GASTAT publication selected; independent supplied CSV agrees within tolerance.
2019,Najran,Rest of the year,Cost,SAR,620378720.0,HouseholdEnergyStatistics2019En.xlsx,76,Table 37,18,620378720.0,houses-consumption-and-cost-of-electricity-in-the-administrative-regions- (2).csv,both,0.0,0.0,Agreement within tolerance,GASTAT original workbook,620378720.0,Original GASTAT publication selected; independent supplied CSV agrees within tolerance.
2019,Najran,Winter,Consumption,kWh,743954708.0,HouseholdEnergyStatistics2019En.xlsx,76,Table 37,18,743954708.0,houses-consumption-and-cost-of-electricity-in-the-administrative-regions- (2).csv,both,0.0,0.0,Agreement within tolerance,GASTAT original workbook,743954708.0,Original GASTAT publication selected; independent supplied CSV agrees within tolerance.
2019,Najran,Winter,Cost,SAR,168123136.0,HouseholdEnergyStatistics2019En.xlsx,76,Table 37,18,168123136.0,houses-consumption-and-cost-of-electricity-in-the-administrative-regions- (2).csv,both,0.0,0.0,Agreement within tolerance,GASTAT original workbook,168123136.0,Original GASTAT publication selected; independent supplied CSV agrees within tolerance.
2019,Northern Borders,Rest of the year,Consumption,kWh,1370924095.0,HouseholdEnergyStatistics2019En.xlsx,76,Table 37,16,1370924095.0,houses-consumption-and-cost-of-electricity-in-the-administrative-regions- (2).csv,both,0.0,0.0,Agreement within tolerance,GASTAT original workbook,1370924095.0,Original GASTAT publication selected; independent supplied CSV agrees within tolerance.
2019,Northern Borders,Rest of the year,Cost,SAR,298024935.0,HouseholdEnergyStatistics2019En.xlsx,76,Table 37,16,298024935.0,houses-consumption-and-cost-of-electricity-in-the-administrative-regions- (2).csv,both,0.0,0.0,Agreement within tolerance,GASTAT original workbook,298024935.0,Original GASTAT publication selected; independent supplied CSV agrees within tolerance.
2019,Northern Borders,Winter,Consumption,kWh,476021255.0,HouseholdEnergyStatistics2019En.xlsx,76,Table 37,16,476021255.0,houses-consumption-and-cost-of-electricity-in-the-administrative-regions- (2).csv,both,0.0,0.0,Agreement within tolerance,GASTAT original workbook,476021255.0,Original GASTAT publication selected; independent supplied CSV agrees within tolerance.
2019,Northern Borders,Winter,Cost,SAR,142002715.0,HouseholdEnergyStatistics2019En.xlsx,76,Table 37,16,142002715.0,houses-consumption-and-cost-of-electricity-in-the-administrative-regions- (2).csv,both,0.0,0.0,Agreement within tolerance,GASTAT original workbook,142002715.0,Original GASTAT publication selected; independent supplied CSV agrees within tolerance.
2019,Riyadh,Rest of the year,Consumption,kWh,31818999925.0,HouseholdEnergyStatistics2019En.xlsx,76,Table 37,8,31818999925.0,houses-consumption-and-cost-of-electricity-in-the-administrative-regions- (2).csv,both,0.0,0.0,Agreement within tolerance,GASTAT original workbook,31818999925.0,Original GASTAT publication selected; independent supplied CSV agrees within tolerance.
2019,Riyadh,Rest of the year,Cost,SAR,9479283407.0,HouseholdEnergyStatistics2019En.xlsx,76,Table 37,8,9479283407.0,houses-consumption-and-cost-of-electricity-in-the-administrative-regions- (2).csv,both,0.0,0.0,Agreement within tolerance,GASTAT original workbook,9479283407.0,Original GASTAT publication selected; independent supplied CSV agrees within tolerance.
2019,Riyadh,Winter,Consumption,kWh,8929603334.0,HouseholdEnergyStatistics2019En.xlsx,76,Table 37,8,8929603334.0,houses-consumption-and-cost-of-electricity-in-the-administrative-regions- (2).csv,both,0.0,0.0,Agreement within tolerance,GASTAT original workbook,8929603334.0,Original GASTAT publication selected; independent supplied CSV agrees within tolerance.
2019,Riyadh,Winter,Cost,SAR,1952659947.0,HouseholdEnergyStatistics2019En.xlsx,76,Table 37,8,1952659947.0,houses-consumption-and-cost-of-electricity-in-the-administrative-regions- (2).csv,both,0.0,0.0,Agreement within tolerance,GASTAT original workbook,1952659947.0,Original GASTAT publication selected; independent supplied CSV agrees within tolerance.
2019,Tabuk,Rest of the year,Consumption,kWh,3745827308.0,HouseholdEnergyStatistics2019En.xlsx,76,Table 37,14,3745827308.0,houses-consumption-and-cost-of-electricity-in-the-administrative-regions- (2).csv,both,0.0,0.0,Agreement within tolerance,GASTAT original workbook,3745827308.0,Original GASTAT publication selected; independent supplied CSV agrees within tolerance.
2019,Tabuk,Rest of the year,Cost,SAR,743893993.0,HouseholdEnergyStatistics2019En.xlsx,76,Table 37,14,743893993.0,houses-consumption-and-cost-of-electricity-in-the-administrative-regions- (2).csv,both,0.0,0.0,Agreement within tolerance,GASTAT original workbook,743893993.0,Original GASTAT publication selected; independent supplied CSV agrees within tolerance.
2019,Tabuk,Winter,Consumption,kWh,1149529403.0,HouseholdEnergyStatistics2019En.xlsx,76,Table 37,14,1149529403.0,houses-consumption-and-cost-of-electricity-in-the-administrative-regions- (2).csv,both,0.0,0.0,Agreement within tolerance,GASTAT original workbook,1149529403.0,Original GASTAT publication selected; independent supplied CSV agrees within tolerance.
2019,Tabuk,Winter,Cost,SAR,234601401.0,HouseholdEnergyStatistics2019En.xlsx,76,Table 37,14,234601401.0,houses-consumption-and-cost-of-electricity-in-the-administrative-regions- (2).csv,both,0.0,0.0,Agreement within tolerance,GASTAT original workbook,234601401.0,Original GASTAT publication selected; independent supplied CSV agrees within tolerance.
2020,Al-Bahah,Rest of the year,Consumption,kWh,1834339162.0,HouseholdEnergyStatistics2020En.xlsx,25,Houses Consumption and Cost,19,1834339162.0,houses-consumption-and-cost-of-electricity-in-the-administrative-regions- (2).csv,both,0.0,0.0,Agreement within tolerance,GASTAT original workbook,1834339162.0,Original GASTAT publication selected; independent supplied CSV agrees within tolerance.
2020,Al-Bahah,Rest of the year,Cost,SAR,410535424.0,HouseholdEnergyStatistics2020En.xlsx,25,Houses Consumption and Cost,19,410535424.0,houses-consumption-and-cost-of-electricity-in-the-administrative-regions- (2).csv,both,0.0,0.0,Agreement within tolerance,GASTAT original workbook,410535424.0,Original GASTAT publication selected; independent supplied CSV agrees within tolerance.
2020,Al-Bahah,Winter,Consumption,kWh,469165147.0,HouseholdEnergyStatistics2020En.xlsx,25,Houses Consumption and Cost,19,469165147.0,houses-consumption-and-cost-of-electricity-in-the-administrative-regions- (2).csv,both,0.0,0.0,Agreement within tolerance,GASTAT original workbook,469165147.0,Original GASTAT publication selected; independent supplied CSV agrees within tolerance.
2020,Al-Bahah,Winter,Cost,SAR,96607805.0,HouseholdEnergyStatistics2020En.xlsx,25,Houses Consumption and Cost,19,96607805.0,houses-consumption-and-cost-of-electricity-in-the-administrative-regions- (2).csv,both,0.0,0.0,Agreement within tolerance,GASTAT original workbook,96607805.0,Original GASTAT publication selected; independent supplied CSV agrees within tolerance.
2020,Al-Jouf,Rest of the year,Consumption,kWh,2090562079.0,HouseholdEnergyStatistics2020En.xlsx,25,Houses Consumption and Cost,20,2090562079.0,houses-consumption-and-cost-of-electricity-in-the-administrative-regions- (2).csv,both,0.0,0.0,Agreement within tolerance,GASTAT original workbook,2090562079.0,Original GASTAT publication selected; independent supplied CSV agrees within tolerance.
2020,Al-Jouf,Rest of the year,Cost,SAR,540151610.0,HouseholdEnergyStatistics2020En.xlsx,25,Houses Consumption and Cost,20,540151610.0,houses-consumption-and-cost-of-electricity-in-the-administrative-regions- (2).csv,both,0.0,0.0,Agreement within tolerance,GASTAT original workbook,540151610.0,Original GASTAT publication selected; independent supplied CSV agrees within tolerance.
2020,Al-Jouf,Winter,Consumption,kWh,503142337.0,HouseholdEnergyStatistics2020En.xlsx,25,Houses Consumption and Cost,20,503142337.0,houses-consumption-and-cost-of-electricity-in-the-administrative-regions- (2).csv,both,0.0,0.0,Agreement within tolerance,GASTAT original workbook,503142337.0,Original GASTAT publication selected; independent supplied CSV agrees within tolerance.
2020,Al-Jouf,Winter,Cost,SAR,101309290.0,HouseholdEnergyStatistics2020En.xlsx,25,Houses Consumption and Cost,20,101309290.0,houses-consumption-and-cost-of-electricity-in-the-administrative-regions- (2).csv,both,0.0,0.0,Agreement within tolerance,GASTAT original workbook,101309290.0,Original GASTAT publication selected; independent supplied CSV agrees within tolerance.
2020,Al-Qassim,Rest of the year,Consumption,kWh,8498699680.0,HouseholdEnergyStatistics2020En.xlsx,25,Houses Consumption and Cost,11,8498699680.0,houses-consumption-and-cost-of-electricity-in-the-administrative-regions- (2).csv,both,0.0,0.0,Agreement within tolerance,GASTAT original workbook,8498699680.0,Original GASTAT publication selected; independent supplied CSV agrees within tolerance.
2020,Al-Qassim,Rest of the year,Cost,SAR,1858909102.0,HouseholdEnergyStatistics2020En.xlsx,25,Houses Consumption and Cost,11,1858909102.0,houses-consumption-and-cost-of-electricity-in-the-administrative-regions- (2).csv,both,0.0,0.0,Agreement within tolerance,GASTAT original workbook,1858909102.0,Original GASTAT publication selected; independent supplied CSV agrees within tolerance.
2020,Al-Qassim,Winter,Consumption,kWh,1539416298.0,HouseholdEnergyStatistics2020En.xlsx,25,Houses Consumption and Cost,11,1539416298.0,houses-consumption-and-cost-of-electricity-in-the-administrative-regions- (2).csv,both,0.0,0.0,Agreement within tolerance,GASTAT original workbook,1539416298.0,Original GASTAT publication selected; independent supplied CSV agrees within tolerance.
2020,Al-Qassim,Winter,Cost,SAR,338333822.0,HouseholdEnergyStatistics2020En.xlsx,25,Houses Consumption and Cost,11,338333822.0,houses-consumption-and-cost-of-electricity-in-the-administrative-regions- (2).csv,both,0.0,0.0,Agreement within tolerance,GASTAT original workbook,338333822.0,Original GASTAT publication selected; independent supplied CSV agrees within tolerance.
2020,Asir,Rest of the year,Consumption,kWh,8886838803.0,HouseholdEnergyStatistics2020En.xlsx,25,Houses Consumption and Cost,13,8886838803.0,houses-consumption-and-cost-of-electricity-in-the-administrative-regions- (2).csv,both,0.0,0.0,Agreement within tolerance,GASTAT original workbook,8886838803.0,Original GASTAT publication selected; independent supplied CSV agrees within tolerance.
2020,Asir,Rest of the year,Cost,SAR,2092556136.0,HouseholdEnergyStatistics2020En.xlsx,25,Houses Consumption and Cost,13,2092556136.0,houses-consumption-and-cost-of-electricity-in-the-administrative-regions- (2).csv,both,0.0,0.0,Agreement within tolerance,GASTAT original workbook,2092556136.0,Original GASTAT publication selected; independent supplied CSV agrees within tolerance.
2020,Asir,Winter,Consumption,kWh,1945750042.0,HouseholdEnergyStatistics2020En.xlsx,25,Houses Consumption and Cost,13,1945750042.0,houses-consumption-and-cost-of-electricity-in-the-administrative-regions- (2).csv,both,0.0,0.0,Agreement within tolerance,GASTAT original workbook,1945750042.0,Original GASTAT publication selected; independent supplied CSV agrees within tolerance.
2020,Asir,Winter,Cost,SAR,363141089.0,HouseholdEnergyStatistics2020En.xlsx,25,Houses Consumption and Cost,13,363141089.0,houses-consumption-and-cost-of-electricity-in-the-administrative-regions- (2).csv,both,0.0,0.0,Agreement within tolerance,GASTAT original workbook,363141089.0,Original GASTAT publication selected; independent supplied CSV agrees within tolerance.
2020,Eastern Region,Rest of the year,Consumption,kWh,21557369812.0,HouseholdEnergyStatistics2020En.xlsx,25,Houses Consumption and Cost,12,21557369812.0,houses-consumption-and-cost-of-electricity-in-the-administrative-regions- (2).csv,both,0.0,0.0,Agreement within tolerance,GASTAT original workbook,21557369812.0,Original GASTAT publication selected; independent supplied CSV agrees within tolerance.
2020,Eastern Region,Rest of the year,Cost,SAR,5483728980.0,HouseholdEnergyStatistics2020En.xlsx,25,Houses Consumption and Cost,12,5483728980.0,houses-consumption-and-cost-of-electricity-in-the-administrative-regions- (2).csv,both,0.0,0.0,Agreement within tolerance,GASTAT original workbook,5483728980.0,Original GASTAT publication selected; independent supplied CSV agrees within tolerance.
2020,Eastern Region,Winter,Consumption,kWh,3482159360.0,HouseholdEnergyStatistics2020En.xlsx,25,Houses Consumption and Cost,12,3482159360.0,houses-consumption-and-cost-of-electricity-in-the-administrative-regions- (2).csv,both,0.0,0.0,Agreement within tolerance,GASTAT original workbook,3482159360.0,Original GASTAT publication selected; independent supplied CSV agrees within tolerance.
2020,Eastern Region,Winter,Cost,SAR,664686072.0,HouseholdEnergyStatistics2020En.xlsx,25,Houses Consumption and Cost,12,664686072.0,houses-consumption-and-cost-of-electricity-in-the-administrative-regions- (2).csv,both,0.0,0.0,Agreement within tolerance,GASTAT original workbook,664686072.0,Original GASTAT publication selected; independent supplied CSV agrees within tolerance.
2020,Hail,Rest of the year,Consumption,kWh,3483897539.0,HouseholdEnergyStatistics2020En.xlsx,25,Houses Consumption and Cost,15,3483897539.0,houses-consumption-and-cost-of-electricity-in-the-administrative-regions- (2).csv,both,0.0,0.0,Agreement within tolerance,GASTAT original workbook,3483897539.0,Original GASTAT publication selected; independent supplied CSV agrees within tolerance.
2020,Hail,Rest of the year,Cost,SAR,695623902.0,HouseholdEnergyStatistics2020En.xlsx,25,Houses Consumption and Cost,15,695623902.0,houses-consumption-and-cost-of-electricity-in-the-administrative-regions- (2).csv,both,0.0,0.0,Agreement within tolerance,GASTAT original workbook,695623902.0,Original GASTAT publication selected; independent supplied CSV agrees within tolerance.
2020,Hail,Winter,Consumption,kWh,830065564.0,HouseholdEnergyStatistics2020En.xlsx,25,Houses Consumption and Cost,15,830065564.0,houses-consumption-and-cost-of-electricity-in-the-administrative-regions- (2).csv,both,0.0,0.0,Agreement within tolerance,GASTAT original workbook,830065564.0,Original GASTAT publication selected; independent supplied CSV agrees within tolerance.
2020,Hail,Winter,Cost,SAR,170320313.0,HouseholdEnergyStatistics2020En.xlsx,25,Houses Consumption and Cost,15,170320313.0,houses-consumption-and-cost-of-electricity-in-the-administrative-regions- (2).csv,both,0.0,0.0,Agreement within tolerance,GASTAT original workbook,170320313.0,Original GASTAT publication selected; independent supplied CSV agrees within tolerance.
2020,Jazan,Rest of the year,Consumption,kWh,6250877934.0,HouseholdEnergyStatistics2020En.xlsx,25,Houses Consumption and Cost,17,6250877934.0,houses-consumption-and-cost-of-electricity-in-the-administrative-regions- (2).csv,both,0.0,0.0,Agreement within tolerance,GASTAT original workbook,6250877934.0,Original GASTAT publication selected; independent supplied CSV agrees within tolerance.
2020,Jazan,Rest of the year,Cost,SAR,1304514731.0,HouseholdEnergyStatistics2020En.xlsx,25,Houses Consumption and Cost,17,1304514731.0,houses-consumption-and-cost-of-electricity-in-the-administrative-regions- (2).csv,both,0.0,0.0,Agreement within tolerance,GASTAT original workbook,1304514731.0,Original GASTAT publication selected; independent supplied CSV agrees within tolerance.
2020,Jazan,Winter,Consumption,kWh,1554582668.0,HouseholdEnergyStatistics2020En.xlsx,25,Houses Consumption and Cost,17,1554582668.0,houses-consumption-and-cost-of-electricity-in-the-administrative-regions- (2).csv,both,0.0,0.0,Agreement within tolerance,GASTAT original workbook,1554582668.0,Original GASTAT publication selected; independent supplied CSV agrees within tolerance.
2020,Jazan,Winter,Cost,SAR,320517165.0,HouseholdEnergyStatistics2020En.xlsx,25,Houses Consumption and Cost,17,320517165.0,houses-consumption-and-cost-of-electricity-in-the-administrative-regions- (2).csv,both,0.0,0.0,Agreement within tolerance,GASTAT original workbook,320517165.0,Original GASTAT publication selected; independent supplied CSV agrees within tolerance.
2020,Madinah,Rest of the year,Consumption,kWh,10285719042.0,HouseholdEnergyStatistics2020En.xlsx,25,Houses Consumption and Cost,10,10285719042.0,houses-consumption-and-cost-of-electricity-in-the-administrative-regions- (2).csv,both,0.0,0.0,Agreement within tolerance,GASTAT original workbook,10285719042.0,Original GASTAT publication selected; independent supplied CSV agrees within tolerance.
2020,Madinah,Rest of the year,Cost,SAR,2246676949.0,HouseholdEnergyStatistics2020En.xlsx,25,Houses Consumption and Cost,10,2246676949.0,houses-consumption-and-cost-of-electricity-in-the-administrative-regions- (2).csv,both,0.0,0.0,Agreement within tolerance,GASTAT original workbook,2246676949.0,Original GASTAT publication selected; independent supplied CSV agrees within tolerance.
2020,Madinah,Winter,Consumption,kWh,2040377831.0,HouseholdEnergyStatistics2020En.xlsx,25,Houses Consumption and Cost,10,2040377831.0,houses-consumption-and-cost-of-electricity-in-the-administrative-regions- (2).csv,both,0.0,0.0,Agreement within tolerance,GASTAT original workbook,2040377831.0,Original GASTAT publication selected; independent supplied CSV agrees within tolerance.
2020,Madinah,Winter,Cost,SAR,390820207.0,HouseholdEnergyStatistics2020En.xlsx,25,Houses Consumption and Cost,10,390820207.0,houses-consumption-and-cost-of-electricity-in-the-administrative-regions- (2).csv,both,0.0,0.0,Agreement within tolerance,GASTAT original workbook,390820207.0,Original GASTAT publication selected; independent supplied CSV agrees within tolerance.
2020,Makkah,Rest of the year,Consumption,kWh,45183730039.0,HouseholdEnergyStatistics2020En.xlsx,25,Houses Consumption and Cost,9,45183730039.0,houses-consumption-and-cost-of-electricity-in-the-administrative-regions- (2).csv,both,0.0,0.0,Agreement within tolerance,GASTAT original workbook,45183730039.0,Original GASTAT publication selected; independent supplied CSV agrees within tolerance.
2020,Makkah,Rest of the year,Cost,SAR,9751225005.0,HouseholdEnergyStatistics2020En.xlsx,25,Houses Consumption and Cost,9,9751225005.0,houses-consumption-and-cost-of-electricity-in-the-administrative-regions- (2).csv,both,0.0,0.0,Agreement within tolerance,GASTAT original workbook,9751225005.0,Original GASTAT publication selected; independent supplied CSV agrees within tolerance.
2020,Makkah,Winter,Consumption,kWh,9513673122.0,HouseholdEnergyStatistics2020En.xlsx,25,Houses Consumption and Cost,9,9513673122.0,houses-consumption-and-cost-of-electricity-in-the-administrative-regions- (2).csv,both,0.0,0.0,Agreement within tolerance,GASTAT original workbook,9513673122.0,Original GASTAT publication selected; independent supplied CSV agrees within tolerance.
2020,Makkah,Winter,Cost,SAR,1827323739.0,HouseholdEnergyStatistics2020En.xlsx,25,Houses Consumption and Cost,9,1827323739.0,houses-consumption-and-cost-of-electricity-in-the-administrative-regions- (2).csv,both,0.0,0.0,Agreement within tolerance,GASTAT original workbook,1827323739.0,Original GASTAT publication selected; independent supplied CSV agrees within tolerance.
2020,Najran,Rest of the year,Consumption,kWh,2220118197.0,HouseholdEnergyStatistics2020En.xlsx,25,Houses Consumption and Cost,18,2220118197.0,houses-consumption-and-cost-of-electricity-in-the-administrative-regions- (2).csv,both,0.0,0.0,Agreement within tolerance,GASTAT original workbook,2220118197.0,Original GASTAT publication selected; independent supplied CSV agrees within tolerance.
2020,Najran,Rest of the year,Cost,SAR,454314992.0,HouseholdEnergyStatistics2020En.xlsx,25,Houses Consumption and Cost,18,454314992.0,houses-consumption-and-cost-of-electricity-in-the-administrative-regions- (2).csv,both,0.0,0.0,Agreement within tolerance,GASTAT original workbook,454314992.0,Original GASTAT publication selected; independent supplied CSV agrees within tolerance.
2020,Najran,Winter,Consumption,kWh,569210792.0,HouseholdEnergyStatistics2020En.xlsx,25,Houses Consumption and Cost,18,569210792.0,houses-consumption-and-cost-of-electricity-in-the-administrative-regions- (2).csv,both,0.0,0.0,Agreement within tolerance,GASTAT original workbook,569210792.0,Original GASTAT publication selected; independent supplied CSV agrees within tolerance.
2020,Najran,Winter,Cost,SAR,110480000.0,HouseholdEnergyStatistics2020En.xlsx,25,Houses Consumption and Cost,18,110480000.0,houses-consumption-and-cost-of-electricity-in-the-administrative-regions- (2).csv,both,0.0,0.0,Agreement within tolerance,GASTAT original workbook,110480000.0,Original GASTAT publication selected; independent supplied CSV agrees within tolerance.
2020,Northern Borders,Rest of the year,Consumption,kWh,1347783540.0,HouseholdEnergyStatistics2020En.xlsx,25,Houses Consumption and Cost,16,1347783540.0,houses-consumption-and-cost-of-electricity-in-the-administrative-regions- (2).csv,both,0.0,0.0,Agreement within tolerance,GASTAT original workbook,1347783540.0,Original GASTAT publication selected; independent supplied CSV agrees within tolerance.
2020,Northern Borders,Rest of the year,Cost,SAR,267520333.0,HouseholdEnergyStatistics2020En.xlsx,25,Houses Consumption and Cost,16,267520333.0,houses-consumption-and-cost-of-electricity-in-the-administrative-regions- (2).csv,both,0.0,0.0,Agreement within tolerance,GASTAT original workbook,267520333.0,Original GASTAT publication selected; independent supplied CSV agrees within tolerance.
2020,Northern Borders,Winter,Consumption,kWh,379159286.0,HouseholdEnergyStatistics2020En.xlsx,25,Houses Consumption and Cost,16,379159286.0,houses-consumption-and-cost-of-electricity-in-the-administrative-regions- (2).csv,both,0.0,0.0,Agreement within tolerance,GASTAT original workbook,379159286.0,Original GASTAT publication selected; independent supplied CSV agrees within tolerance.
2020,Northern Borders,Winter,Cost,SAR,83999462.0,HouseholdEnergyStatistics2020En.xlsx,25,Houses Consumption and Cost,16,83999462.0,houses-consumption-and-cost-of-electricity-in-the-administrative-regions- (2).csv,both,0.0,0.0,Agreement within tolerance,GASTAT original workbook,83999462.0,Original GASTAT publication selected; independent supplied CSV agrees within tolerance.
2020,Riyadh,Rest of the year,Consumption,kWh,45171032799.0,HouseholdEnergyStatistics2020En.xlsx,25,Houses Consumption and Cost,8,45171032799.0,houses-consumption-and-cost-of-electricity-in-the-administrative-regions- (2).csv,both,0.0,0.0,Agreement within tolerance,GASTAT original workbook,45171032799.0,Original GASTAT publication selected; independent supplied CSV agrees within tolerance.
2020,Riyadh,Rest of the year,Cost,SAR,10279799807.0,HouseholdEnergyStatistics2020En.xlsx,25,Houses Consumption and Cost,8,10279799807.0,houses-consumption-and-cost-of-electricity-in-the-administrative-regions- (2).csv,both,0.0,0.0,Agreement within tolerance,GASTAT original workbook,10279799807.0,Original GASTAT publication selected; independent supplied CSV agrees within tolerance.
2020,Riyadh,Winter,Consumption,kWh,8390161686.0,HouseholdEnergyStatistics2020En.xlsx,25,Houses Consumption and Cost,8,8390161686.0,houses-consumption-and-cost-of-electricity-in-the-administrative-regions- (2).csv,both,0.0,0.0,Agreement within tolerance,GASTAT original workbook,8390161686.0,Original GASTAT publication selected; independent supplied CSV agrees within tolerance.
2020,Riyadh,Winter,Cost,SAR,1647747438.0,HouseholdEnergyStatistics2020En.xlsx,25,Houses Consumption and Cost,8,1647747438.0,houses-consumption-and-cost-of-electricity-in-the-administrative-regions- (2).csv,both,0.0,0.0,Agreement within tolerance,GASTAT original workbook,1647747438.0,Original GASTAT publication selected; independent supplied CSV agrees within tolerance.
2020,Tabuk,Rest of the year,Consumption,kWh,3616071416.0,HouseholdEnergyStatistics2020En.xlsx,25,Houses Consumption and Cost,14,3616071416.0,houses-consumption-and-cost-of-electricity-in-the-administrative-regions- (2).csv,both,0.0,0.0,Agreement within tolerance,GASTAT original workbook,3616071416.0,Original GASTAT publication selected; independent supplied CSV agrees within tolerance.
2020,Tabuk,Rest of the year,Cost,SAR,690784672.0,HouseholdEnergyStatistics2020En.xlsx,25,Houses Consumption and Cost,14,690784672.0,houses-consumption-and-cost-of-electricity-in-the-administrative-regions- (2).csv,both,0.0,0.0,Agreement within tolerance,GASTAT original workbook,690784672.0,Original GASTAT publication selected; independent supplied CSV agrees within tolerance.
2020,Tabuk,Winter,Consumption,kWh,832394440.0,HouseholdEnergyStatistics2020En.xlsx,25,Houses Consumption and Cost,14,832394440.0,houses-consumption-and-cost-of-electricity-in-the-administrative-regions- (2).csv,both,0.0,0.0,Agreement within tolerance,GASTAT original workbook,832394440.0,Original GASTAT publication selected; independent supplied CSV agrees within tolerance.
2020,Tabuk,Winter,Cost,SAR,155716582.0,HouseholdEnergyStatistics2020En.xlsx,25,Houses Consumption and Cost,14,155716582.0,houses-consumption-and-cost-of-electricity-in-the-administrative-regions- (2).csv,both,0.0,0.0,Agreement within tolerance,GASTAT original workbook,155716582.0,Original GASTAT publication selected; independent supplied CSV agrees within tolerance.
2021,Al-Bahah,Rest of the year,Consumption,kWh,1464798031.0,HouseholdEnergyStatistics2021En.xlsx,27,Houses Consumption and Cost,19,1464798031.0,houses-consumption-and-cost-of-electricity-in-the-administrative-regions- (2).csv,both,0.0,0.0,Agreement within tolerance,GASTAT original workbook,1464798031.0,Original GASTAT publication selected; independent supplied CSV agrees within tolerance.
2021,Al-Bahah,Rest of the year,Cost,SAR,322659766.0,HouseholdEnergyStatistics2021En.xlsx,27,Houses Consumption and Cost,19,322659766.0,houses-consumption-and-cost-of-electricity-in-the-administrative-regions- (2).csv,both,0.0,0.0,Agreement within tolerance,GASTAT original workbook,322659766.0,Original GASTAT publication selected; independent supplied CSV agrees within tolerance.
2021,Al-Bahah,Winter,Consumption,kWh,367849699.0,HouseholdEnergyStatistics2021En.xlsx,27,Houses Consumption and Cost,19,367849699.0,houses-consumption-and-cost-of-electricity-in-the-administrative-regions- (2).csv,both,0.0,0.0,Agreement within tolerance,GASTAT original workbook,367849699.0,Original GASTAT publication selected; independent supplied CSV agrees within tolerance.
2021,Al-Bahah,Winter,Cost,SAR,81175236.0,HouseholdEnergyStatistics2021En.xlsx,27,Houses Consumption and Cost,19,81175236.0,houses-consumption-and-cost-of-electricity-in-the-administrative-regions- (2).csv,both,0.0,0.0,Agreement within tolerance,GASTAT original workbook,81175236.0,Original GASTAT publication selected; independent supplied CSV agrees within tolerance.
2021,Al-Jouf,Rest of the year,Consumption,kWh,1231174711.0,HouseholdEnergyStatistics2021En.xlsx,27,Houses Consumption and Cost,20,1231174711.0,houses-consumption-and-cost-of-electricity-in-the-administrative-regions- (2).csv,both,0.0,0.0,Agreement within tolerance,GASTAT original workbook,1231174711.0,Original GASTAT publication selected; independent supplied CSV agrees within tolerance.
2021,Al-Jouf,Rest of the year,Cost,SAR,295519925.0,HouseholdEnergyStatistics2021En.xlsx,27,Houses Consumption and Cost,20,295519925.0,houses-consumption-and-cost-of-electricity-in-the-administrative-regions- (2).csv,both,0.0,0.0,Agreement within tolerance,GASTAT original workbook,295519925.0,Original GASTAT publication selected; independent supplied CSV agrees within tolerance.
2021,Al-Jouf,Winter,Consumption,kWh,263994514.0,HouseholdEnergyStatistics2021En.xlsx,27,Houses Consumption and Cost,20,263994514.0,houses-consumption-and-cost-of-electricity-in-the-administrative-regions- (2).csv,both,0.0,0.0,Agreement within tolerance,GASTAT original workbook,263994514.0,Original GASTAT publication selected; independent supplied CSV agrees within tolerance.
2021,Al-Jouf,Winter,Cost,SAR,58868009.0,HouseholdEnergyStatistics2021En.xlsx,27,Houses Consumption and Cost,20,58868009.0,houses-consumption-and-cost-of-electricity-in-the-administrative-regions- (2).csv,both,0.0,0.0,Agreement within tolerance,GASTAT original workbook,58868009.0,Original GASTAT publication selected; independent supplied CSV agrees within tolerance.
2021,Al-Qassim,Rest of the year,Consumption,kWh,9423675533.0,HouseholdEnergyStatistics2021En.xlsx,27,Houses Consumption and Cost,11,9423675533.0,houses-consumption-and-cost-of-electricity-in-the-administrative-regions- (2).csv,both,0.0,0.0,Agreement within tolerance,GASTAT original workbook,9423675533.0,Original GASTAT publication selected; independent supplied CSV agrees within tolerance.
2021,Al-Qassim,Rest of the year,Cost,SAR,2127845105.0,HouseholdEnergyStatistics2021En.xlsx,27,Houses Consumption and Cost,11,2127845105.0,houses-consumption-and-cost-of-electricity-in-the-administrative-regions- (2).csv,both,0.0,0.0,Agreement within tolerance,GASTAT original workbook,2127845105.0,Original GASTAT publication selected; independent supplied CSV agrees within tolerance.
2021,Al-Qassim,Winter,Consumption,kWh,1262290669.0,HouseholdEnergyStatistics2021En.xlsx,27,Houses Consumption and Cost,11,1262290669.0,houses-consumption-and-cost-of-electricity-in-the-administrative-regions- (2).csv,both,0.0,0.0,Agreement within tolerance,GASTAT original workbook,1262290669.0,Original GASTAT publication selected; independent supplied CSV agrees within tolerance.
2021,Al-Qassim,Winter,Cost,SAR,277701619.0,HouseholdEnergyStatistics2021En.xlsx,27,Houses Consumption and Cost,11,277701619.0,houses-consumption-and-cost-of-electricity-in-the-administrative-regions- (2).csv,both,0.0,0.0,Agreement within tolerance,GASTAT original workbook,277701619.0,Original GASTAT publication selected; independent supplied CSV agrees within tolerance.
2021,Asir,Rest of the year,Consumption,kWh,5091179063.0,HouseholdEnergyStatistics2021En.xlsx,27,Houses Consumption and Cost,13,5091179063.0,houses-consumption-and-cost-of-electricity-in-the-administrative-regions- (2).csv,both,0.0,0.0,Agreement within tolerance,GASTAT original workbook,5091179063.0,Original GASTAT publication selected; independent supplied CSV agrees within tolerance.
2021,Asir,Rest of the year,Cost,SAR,1212442957.0,HouseholdEnergyStatistics2021En.xlsx,27,Houses Consumption and Cost,13,1212442957.0,houses-consumption-and-cost-of-electricity-in-the-administrative-regions- (2).csv,both,0.0,0.0,Agreement within tolerance,GASTAT original workbook,1212442957.0,Original GASTAT publication selected; independent supplied CSV agrees within tolerance.
2021,Asir,Winter,Consumption,kWh,857927505.0,HouseholdEnergyStatistics2021En.xlsx,27,Houses Consumption and Cost,13,857927505.0,houses-consumption-and-cost-of-electricity-in-the-administrative-regions- (2).csv,both,0.0,0.0,Agreement within tolerance,GASTAT original workbook,857927505.0,Original GASTAT publication selected; independent supplied CSV agrees within tolerance.
2021,Asir,Winter,Cost,SAR,200717977.0,HouseholdEnergyStatistics2021En.xlsx,27,Houses Consumption and Cost,13,200717977.0,houses-consumption-and-cost-of-electricity-in-the-administrative-regions- (2).csv,both,0.0,0.0,Agreement within tolerance,GASTAT original workbook,200717977.0,Original GASTAT publication selected; independent supplied CSV agrees within tolerance.
2021,Eastern Region,Rest of the year,Consumption,kWh,15924140065.0,HouseholdEnergyStatistics2021En.xlsx,27,Houses Consumption and Cost,12,15924140065.0,houses-consumption-and-cost-of-electricity-in-the-administrative-regions- (2).csv,both,0.0,0.0,Agreement within tolerance,GASTAT original workbook,15924140065.0,Original GASTAT publication selected; independent supplied CSV agrees within tolerance.
2021,Eastern Region,Rest of the year,Cost,SAR,3633160406.0,HouseholdEnergyStatistics2021En.xlsx,27,Houses Consumption and Cost,12,3633160406.0,houses-consumption-and-cost-of-electricity-in-the-administrative-regions- (2).csv,both,0.0,0.0,Agreement within tolerance,GASTAT original workbook,3633160406.0,Original GASTAT publication selected; independent supplied CSV agrees within tolerance.
2021,Eastern Region,Winter,Consumption,kWh,2617365030.0,HouseholdEnergyStatistics2021En.xlsx,27,Houses Consumption and Cost,12,2617365030.0,houses-consumption-and-cost-of-electricity-in-the-administrative-regions- (2).csv,both,0.0,0.0,Agreement within tolerance,GASTAT original workbook,2617365030.0,Original GASTAT publication selected; independent supplied CSV agrees within tolerance.
2021,Eastern Region,Winter,Cost,SAR,588371177.0,HouseholdEnergyStatistics2021En.xlsx,27,Houses Consumption and Cost,12,588371177.0,houses-consumption-and-cost-of-electricity-in-the-administrative-regions- (2).csv,both,0.0,0.0,Agreement within tolerance,GASTAT original workbook,588371177.0,Original GASTAT publication selected; independent supplied CSV agrees within tolerance.
2021,Hail,Rest of the year,Consumption,kWh,3592907778.0,HouseholdEnergyStatistics2021En.xlsx,27,Houses Consumption and Cost,15,3592907778.0,houses-consumption-and-cost-of-electricity-in-the-administrative-regions- (2).csv,both,0.0,0.0,Agreement within tolerance,GASTAT original workbook,3592907778.0,Original GASTAT publication selected; independent supplied CSV agrees within tolerance.
2021,Hail,Rest of the year,Cost,SAR,794206659.0,HouseholdEnergyStatistics2021En.xlsx,27,Houses Consumption and Cost,15,794206659.0,houses-consumption-and-cost-of-electricity-in-the-administrative-regions- (2).csv,both,0.0,0.0,Agreement within tolerance,GASTAT original workbook,794206659.0,Original GASTAT publication selected; independent supplied CSV agrees within tolerance.
2021,Hail,Winter,Consumption,kWh,721039786.0,HouseholdEnergyStatistics2021En.xlsx,27,Houses Consumption and Cost,15,721039786.0,houses-consumption-and-cost-of-electricity-in-the-administrative-regions- (2).csv,both,0.0,0.0,Agreement within tolerance,GASTAT original workbook,721039786.0,Original GASTAT publication selected; independent supplied CSV agrees within tolerance.
2021,Hail,Winter,Cost,SAR,158073974.0,HouseholdEnergyStatistics2021En.xlsx,27,Houses Consumption and Cost,15,158073974.0,houses-consumption-and-cost-of-electricity-in-the-administrative-regions- (2).csv,both,0.0,0.0,Agreement within tolerance,GASTAT original workbook,158073974.0,Original GASTAT publication selected; independent supplied CSV agrees within tolerance.
2021,Jazan,Rest of the year,Consumption,kWh,4285544736.0,HouseholdEnergyStatistics2021En.xlsx,27,Houses Consumption and Cost,17,4285544736.0,houses-consumption-and-cost-of-electricity-in-the-administrative-regions- (2).csv,both,0.0,0.0,Agreement within tolerance,GASTAT original workbook,4285544736.0,Original GASTAT publication selected; independent supplied CSV agrees within tolerance.
2021,Jazan,Rest of the year,Cost,SAR,959358664.0,HouseholdEnergyStatistics2021En.xlsx,27,Houses Consumption and Cost,17,959358664.0,houses-consumption-and-cost-of-electricity-in-the-administrative-regions- (2).csv,both,0.0,0.0,Agreement within tolerance,GASTAT original workbook,959358664.0,Original GASTAT publication selected; independent supplied CSV agrees within tolerance.
2021,Jazan,Winter,Consumption,kWh,987490903.0,HouseholdEnergyStatistics2021En.xlsx,27,Houses Consumption and Cost,17,987490903.0,houses-consumption-and-cost-of-electricity-in-the-administrative-regions- (2).csv,both,0.0,0.0,Agreement within tolerance,GASTAT original workbook,987490903.0,Original GASTAT publication selected; independent supplied CSV agrees within tolerance.
2021,Jazan,Winter,Cost,SAR,217088274.0,HouseholdEnergyStatistics2021En.xlsx,27,Houses Consumption and Cost,17,217088274.0,houses-consumption-and-cost-of-electricity-in-the-administrative-regions- (2).csv,both,0.0,0.0,Agreement within tolerance,GASTAT original workbook,217088274.0,Original GASTAT publication selected; independent supplied CSV agrees within tolerance.
2021,Madinah,Rest of the year,Consumption,kWh,9535951637.0,HouseholdEnergyStatistics2021En.xlsx,27,Houses Consumption and Cost,10,9535951637.0,houses-consumption-and-cost-of-electricity-in-the-administrative-regions- (2).csv,both,0.0,0.0,Agreement within tolerance,GASTAT original workbook,9535951637.0,Original GASTAT publication selected; independent supplied CSV agrees within tolerance.
2021,Madinah,Rest of the year,Cost,SAR,2179868917.0,HouseholdEnergyStatistics2021En.xlsx,27,Houses Consumption and Cost,10,2179868917.0,houses-consumption-and-cost-of-electricity-in-the-administrative-regions- (2).csv,both,0.0,0.0,Agreement within tolerance,GASTAT original workbook,2179868917.0,Original GASTAT publication selected; independent supplied CSV agrees within tolerance.
2021,Madinah,Winter,Consumption,kWh,1502964633.0,HouseholdEnergyStatistics2021En.xlsx,27,Houses Consumption and Cost,10,1502964633.0,houses-consumption-and-cost-of-electricity-in-the-administrative-regions- (2).csv,both,0.0,0.0,Agreement within tolerance,GASTAT original workbook,1502964633.0,Original GASTAT publication selected; independent supplied CSV agrees within tolerance.
2021,Madinah,Winter,Cost,SAR,333905495.0,HouseholdEnergyStatistics2021En.xlsx,27,Houses Consumption and Cost,10,333905495.0,houses-consumption-and-cost-of-electricity-in-the-administrative-regions- (2).csv,both,0.0,0.0,Agreement within tolerance,GASTAT original workbook,333905495.0,Original GASTAT publication selected; independent supplied CSV agrees within tolerance.
2021,Makkah,Rest of the year,Consumption,kWh,45378765717.0,HouseholdEnergyStatistics2021En.xlsx,27,Houses Consumption and Cost,9,45378765717.0,houses-consumption-and-cost-of-electricity-in-the-administrative-regions- (2).csv,both,0.0,0.0,Agreement within tolerance,GASTAT original workbook,45378765717.0,Original GASTAT publication selected; independent supplied CSV agrees within tolerance.
2021,Makkah,Rest of the year,Cost,SAR,10433194472.0,HouseholdEnergyStatistics2021En.xlsx,27,Houses Consumption and Cost,9,10433194472.0,houses-consumption-and-cost-of-electricity-in-the-administrative-regions- (2).csv,both,0.0,0.0,Agreement within tolerance,GASTAT original workbook,10433194472.0,Original GASTAT publication selected; independent supplied CSV agrees within tolerance.
2021,Makkah,Winter,Consumption,kWh,9119507632.0,HouseholdEnergyStatistics2021En.xlsx,27,Houses Consumption and Cost,9,9119507632.0,houses-consumption-and-cost-of-electricity-in-the-administrative-regions- (2).csv,both,0.0,0.0,Agreement within tolerance,GASTAT original workbook,9119507632.0,Original GASTAT publication selected; independent supplied CSV agrees within tolerance.
2021,Makkah,Winter,Cost,SAR,2009727458.0,HouseholdEnergyStatistics2021En.xlsx,27,Houses Consumption and Cost,9,2009727458.0,houses-consumption-and-cost-of-electricity-in-the-administrative-regions- (2).csv,both,0.0,0.0,Agreement within tolerance,GASTAT original workbook,2009727458.0,Original GASTAT publication selected; independent supplied CSV agrees within tolerance.
2021,Najran,Rest of the year,Consumption,kWh,1588964924.0,HouseholdEnergyStatistics2021En.xlsx,27,Houses Consumption and Cost,18,1588964924.0,houses-consumption-and-cost-of-electricity-in-the-administrative-regions- (2).csv,both,0.0,0.0,Agreement within tolerance,GASTAT original workbook,1588964924.0,Original GASTAT publication selected; independent supplied CSV agrees within tolerance.
2021,Najran,Rest of the year,Cost,SAR,383180808.0,HouseholdEnergyStatistics2021En.xlsx,27,Houses Consumption and Cost,18,383180808.0,houses-consumption-and-cost-of-electricity-in-the-administrative-regions- (2).csv,both,0.0,0.0,Agreement within tolerance,GASTAT original workbook,383180808.0,Original GASTAT publication selected; independent supplied CSV agrees within tolerance.
2021,Najran,Winter,Consumption,kWh,429201785.0,HouseholdEnergyStatistics2021En.xlsx,27,Houses Consumption and Cost,18,429201785.0,houses-consumption-and-cost-of-electricity-in-the-administrative-regions- (2).csv,both,0.0,0.0,Agreement within tolerance,GASTAT original workbook,429201785.0,Original GASTAT publication selected; independent supplied CSV agrees within tolerance.
2021,Najran,Winter,Cost,SAR,95069179.0,HouseholdEnergyStatistics2021En.xlsx,27,Houses Consumption and Cost,18,95069179.0,houses-consumption-and-cost-of-electricity-in-the-administrative-regions- (2).csv,both,0.0,0.0,Agreement within tolerance,GASTAT original workbook,95069179.0,Original GASTAT publication selected; independent supplied CSV agrees within tolerance.
2021,Northern Borders,Rest of the year,Consumption,kWh,1235235280.0,HouseholdEnergyStatistics2021En.xlsx,27,Houses Consumption and Cost,16,1235235280.0,houses-consumption-and-cost-of-electricity-in-the-administrative-regions- (2).csv,both,0.0,0.0,Agreement within tolerance,GASTAT original workbook,1235235280.0,Original GASTAT publication selected; independent supplied CSV agrees within tolerance.
2021,Northern Borders,Rest of the year,Cost,SAR,279104695.0,HouseholdEnergyStatistics2021En.xlsx,27,Houses Consumption and Cost,16,279104695.0,houses-consumption-and-cost-of-electricity-in-the-administrative-regions- (2).csv,both,0.0,0.0,Agreement within tolerance,GASTAT original workbook,279104695.0,Original GASTAT publication selected; independent supplied CSV agrees within tolerance.
2021,Northern Borders,Winter,Consumption,kWh,309277127.0,HouseholdEnergyStatistics2021En.xlsx,27,Houses Consumption and Cost,16,309277127.0,houses-consumption-and-cost-of-electricity-in-the-administrative-regions- (2).csv,both,0.0,0.0,Agreement within tolerance,GASTAT original workbook,309277127.0,Original GASTAT publication selected; independent supplied CSV agrees within tolerance.
2021,Northern Borders,Winter,Cost,SAR,67334139.0,HouseholdEnergyStatistics2021En.xlsx,27,Houses Consumption and Cost,16,67334139.0,houses-consumption-and-cost-of-electricity-in-the-administrative-regions- (2).csv,both,0.0,0.0,Agreement within tolerance,GASTAT original workbook,67334139.0,Original GASTAT publication selected; independent supplied CSV agrees within tolerance.
2021,Riyadh,Rest of the year,Consumption,kWh,48478866294.0,HouseholdEnergyStatistics2021En.xlsx,27,Houses Consumption and Cost,8,48478866294.0,houses-consumption-and-cost-of-electricity-in-the-administrative-regions- (2).csv,both,0.0,0.0,Agreement within tolerance,GASTAT original workbook,48478866294.0,Original GASTAT publication selected; independent supplied CSV agrees within tolerance.
2021,Riyadh,Rest of the year,Cost,SAR,11552922000.0,HouseholdEnergyStatistics2021En.xlsx,27,Houses Consumption and Cost,8,11552922000.0,houses-consumption-and-cost-of-electricity-in-the-administrative-regions- (2).csv,both,0.0,0.0,Agreement within tolerance,GASTAT original workbook,11552922000.0,Original GASTAT publication selected; independent supplied CSV agrees within tolerance.
2021,Riyadh,Winter,Consumption,kWh,7796039221.0,HouseholdEnergyStatistics2021En.xlsx,27,Houses Consumption and Cost,8,7796039221.0,houses-consumption-and-cost-of-electricity-in-the-administrative-regions- (2).csv,both,0.0,0.0,Agreement within tolerance,GASTAT original workbook,7796039221.0,Original GASTAT publication selected; independent supplied CSV agrees within tolerance.
2021,Riyadh,Winter,Cost,SAR,1730985918.0,HouseholdEnergyStatistics2021En.xlsx,27,Houses Consumption and Cost,8,1730985918.0,houses-consumption-and-cost-of-electricity-in-the-administrative-regions- (2).csv,both,0.0,0.0,Agreement within tolerance,GASTAT original workbook,1730985918.0,Original GASTAT publication selected; independent supplied CSV agrees within tolerance.
2021,Tabuk,Rest of the year,Consumption,kWh,3260738261.0,HouseholdEnergyStatistics2021En.xlsx,27,Houses Consumption and Cost,14,3260738261.0,houses-consumption-and-cost-of-electricity-in-the-administrative-regions- (2).csv,both,0.0,0.0,Agreement within tolerance,GASTAT original workbook,3260738261.0,Original GASTAT publication selected; independent supplied CSV agrees within tolerance.
2021,Tabuk,Rest of the year,Cost,SAR,734721740.0,HouseholdEnergyStatistics2021En.xlsx,27,Houses Consumption and Cost,14,734721740.0,houses-consumption-and-cost-of-electricity-in-the-administrative-regions- (2).csv,both,0.0,0.0,Agreement within tolerance,GASTAT original workbook,734721740.0,Original GASTAT publication selected; independent supplied CSV agrees within tolerance.
2021,Tabuk,Winter,Consumption,kWh,601998801.0,HouseholdEnergyStatistics2021En.xlsx,27,Houses Consumption and Cost,14,601998801.0,houses-consumption-and-cost-of-electricity-in-the-administrative-regions- (2).csv,both,0.0,0.0,Agreement within tolerance,GASTAT original workbook,601998801.0,Original GASTAT publication selected; independent supplied CSV agrees within tolerance.
2021,Tabuk,Winter,Cost,SAR,136078020.0,HouseholdEnergyStatistics2021En.xlsx,27,Houses Consumption and Cost,14,136078020.0,houses-consumption-and-cost-of-electricity-in-the-administrative-regions- (2).csv,both,0.0,0.0,Agreement within tolerance,GASTAT original workbook,136078020.0,Original GASTAT publication selected; independent supplied CSV agrees within tolerance.
2022,Al-Bahah,Rest of the year,Consumption,kWh,1744594147.6505747,HouseholdEnergyStatistics2022En.xlsx,1-2,Table 1-2,19,1744594147.6505747,houses-consumption-and-cost-of-electricity-in-the-administrative-regions- (2).csv,both,0.0,0.0,Agreement within tolerance,GASTAT original workbook,1744594147.6505747,Original GASTAT publication selected; independent supplied CSV agrees within tolerance.
2022,Al-Bahah,Rest of the year,Cost,SAR,374203654.83382934,HouseholdEnergyStatistics2022En.xlsx,1-2,Table 1-2,19,374203654.8338293,houses-consumption-and-cost-of-electricity-in-the-administrative-regions- (2).csv,both,5.960464477539063e-08,1.5928397279245962e-14,Agreement within tolerance,GASTAT original workbook,374203654.83382934,Original GASTAT publication selected; independent supplied CSV agrees within tolerance.
2022,Al-Bahah,Winter,Consumption,kWh,438511503.9631197,HouseholdEnergyStatistics2022En.xlsx,1-2,Table 1-2,19,438511503.9631197,houses-consumption-and-cost-of-electricity-in-the-administrative-regions- (2).csv,both,0.0,0.0,Agreement within tolerance,GASTAT original workbook,438511503.9631197,Original GASTAT publication selected; independent supplied CSV agrees within tolerance.
2022,Al-Bahah,Winter,Cost,SAR,95129436.74375257,HouseholdEnergyStatistics2022En.xlsx,1-2,Table 1-2,19,95129436.74375255,houses-consumption-and-cost-of-electricity-in-the-administrative-regions- (2).csv,both,1.4901161193847656e-08,1.5664090636830412e-14,Agreement within tolerance,GASTAT original workbook,95129436.74375257,Original GASTAT publication selected; independent supplied CSV agrees within tolerance.
2022,Al-Jouf,Rest of the year,Consumption,kWh,1929485006.555684,HouseholdEnergyStatistics2022En.xlsx,1-2,Table 1-2,20,1929485006.555684,houses-consumption-and-cost-of-electricity-in-the-administrative-regions- (2).csv,both,0.0,0.0,Agreement within tolerance,GASTAT original workbook,1929485006.555684,Original GASTAT publication selected; independent supplied CSV agrees within tolerance.
2022,Al-Jouf,Rest of the year,Cost,SAR,411401253.00673836,HouseholdEnergyStatistics2022En.xlsx,1-2,Table 1-2,20,411401253.0067384,houses-consumption-and-cost-of-electricity-in-the-administrative-regions- (2).csv,both,5.960464477539063e-08,1.448820205086112e-14,Agreement within tolerance,GASTAT original workbook,411401253.00673836,Original GASTAT publication selected; independent supplied CSV agrees within tolerance.
2022,Al-Jouf,Winter,Consumption,kWh,577782031.280273,HouseholdEnergyStatistics2022En.xlsx,1-2,Table 1-2,20,577782031.280273,houses-consumption-and-cost-of-electricity-in-the-administrative-regions- (2).csv,both,0.0,0.0,Agreement within tolerance,GASTAT original workbook,577782031.280273,Original GASTAT publication selected; independent supplied CSV agrees within tolerance.
2022,Al-Jouf,Winter,Cost,SAR,124274911.48681298,HouseholdEnergyStatistics2022En.xlsx,1-2,Table 1-2,20,124274911.48681298,houses-consumption-and-cost-of-electricity-in-the-administrative-regions- (2).csv,both,0.0,0.0,Agreement within tolerance,GASTAT original workbook,124274911.48681298,Original GASTAT publication selected; independent supplied CSV agrees within tolerance.
2022,Al-Qassim,Rest of the year,Consumption,kWh,7042941762.035676,HouseholdEnergyStatistics2022En.xlsx,1-2,Table 1-2,11,7042941762.035676,houses-consumption-and-cost-of-electricity-in-the-administrative-regions- (2).csv,both,0.0,0.0,Agreement within tolerance,GASTAT original workbook,7042941762.035676,Original GASTAT publication selected; independent supplied CSV agrees within tolerance.
2022,Al-Qassim,Rest of the year,Cost,SAR,1517744512.6265588,HouseholdEnergyStatistics2022En.xlsx,1-2,Table 1-2,11,1517744512.6265588,houses-consumption-and-cost-of-electricity-in-the-administrative-regions- (2).csv,both,0.0,0.0,Agreement within tolerance,GASTAT original workbook,1517744512.6265588,Original GASTAT publication selected; independent supplied CSV agrees within tolerance.
2022,Al-Qassim,Winter,Consumption,kWh,1319360022.1135771,HouseholdEnergyStatistics2022En.xlsx,1-2,Table 1-2,11,1319360022.1135771,houses-consumption-and-cost-of-electricity-in-the-administrative-regions- (2).csv,both,0.0,0.0,Agreement within tolerance,GASTAT original workbook,1319360022.1135771,Original GASTAT publication selected; independent supplied CSV agrees within tolerance.
2022,Al-Qassim,Winter,Cost,SAR,285900564.70996886,HouseholdEnergyStatistics2022En.xlsx,1-2,Table 1-2,11,285900564.70996886,houses-consumption-and-cost-of-electricity-in-the-administrative-regions- (2).csv,both,0.0,0.0,Agreement within tolerance,GASTAT original workbook,285900564.70996886,Original GASTAT publication selected; independent supplied CSV agrees within tolerance.
2022,Asir,Rest of the year,Consumption,kWh,7068160876.405769,HouseholdEnergyStatistics2022En.xlsx,1-2,Table 1-2,13,7068160876.405769,houses-consumption-and-cost-of-electricity-in-the-administrative-regions- (2).csv,both,0.0,0.0,Agreement within tolerance,GASTAT original workbook,7068160876.405769,Original GASTAT publication selected; independent supplied CSV agrees within tolerance.
2022,Asir,Rest of the year,Cost,SAR,1526917250.8940885,HouseholdEnergyStatistics2022En.xlsx,1-2,Table 1-2,13,1526917250.8940885,houses-consumption-and-cost-of-electricity-in-the-administrative-regions- (2).csv,both,0.0,0.0,Agreement within tolerance,GASTAT original workbook,1526917250.8940885,Original GASTAT publication selected; independent supplied CSV agrees within tolerance.
2022,Asir,Winter,Consumption,kWh,1904918502.7695234,HouseholdEnergyStatistics2022En.xlsx,1-2,Table 1-2,13,1904918502.7695236,houses-consumption-and-cost-of-electricity-in-the-administrative-regions- (2).csv,both,2.384185791015625e-07,1.2515946417389008e-14,Agreement within tolerance,GASTAT original workbook,1904918502.7695234,Original GASTAT publication selected; independent supplied CSV agrees within tolerance.
2022,Asir,Winter,Cost,SAR,414583416.78546774,HouseholdEnergyStatistics2022En.xlsx,1-2,Table 1-2,13,414583416.7854677,houses-consumption-and-cost-of-electricity-in-the-administrative-regions- (2).csv,both,5.960464477539063e-08,1.437699685084942e-14,Agreement within tolerance,GASTAT original workbook,414583416.78546774,Original GASTAT publication selected; independent supplied CSV agrees within tolerance.
2022,Eastern Region,Rest of the year,Consumption,kWh,22330217672.695526,HouseholdEnergyStatistics2022En.xlsx,1-2,Table 1-2,12,22330217672.695526,houses-consumption-and-cost-of-electricity-in-the-administrative-regions- (2).csv,both,0.0,0.0,Agreement within tolerance,GASTAT original workbook,22330217672.695526,Original GASTAT publication selected; independent supplied CSV agrees within tolerance.
2022,Eastern Region,Rest of the year,Cost,SAR,4749091858.992446,HouseholdEnergyStatistics2022En.xlsx,1-2,Table 1-2,12,4749091858.992446,houses-consumption-and-cost-of-electricity-in-the-administrative-regions- (2).csv,both,0.0,0.0,Agreement within tolerance,GASTAT original workbook,4749091858.992446,Original GASTAT publication selected; independent supplied CSV agrees within tolerance.
2022,Eastern Region,Winter,Consumption,kWh,3560456040.834077,HouseholdEnergyStatistics2022En.xlsx,1-2,Table 1-2,12,3560456040.834077,houses-consumption-and-cost-of-electricity-in-the-administrative-regions- (2).csv,both,0.0,0.0,Agreement within tolerance,GASTAT original workbook,3560456040.834077,Original GASTAT publication selected; independent supplied CSV agrees within tolerance.
2022,Eastern Region,Winter,Cost,SAR,775137570.7781062,HouseholdEnergyStatistics2022En.xlsx,1-2,Table 1-2,12,775137570.7781062,houses-consumption-and-cost-of-electricity-in-the-administrative-regions- (2).csv,both,0.0,0.0,Agreement within tolerance,GASTAT original workbook,775137570.7781062,Original GASTAT publication selected; independent supplied CSV agrees within tolerance.
2022,Hail,Rest of the year,Consumption,kWh,3554537683.625925,HouseholdEnergyStatistics2022En.xlsx,1-2,Table 1-2,15,3554537683.625925,houses-consumption-and-cost-of-electricity-in-the-administrative-regions- (2).csv,both,0.0,0.0,Agreement within tolerance,GASTAT original workbook,3554537683.625925,Original GASTAT publication selected; independent supplied CSV agrees within tolerance.
2022,Hail,Rest of the year,Cost,SAR,768668166.6378961,HouseholdEnergyStatistics2022En.xlsx,1-2,Table 1-2,15,768668166.6378961,houses-consumption-and-cost-of-electricity-in-the-administrative-regions- (2).csv,both,0.0,0.0,Agreement within tolerance,GASTAT original workbook,768668166.6378961,Original GASTAT publication selected; independent supplied CSV agrees within tolerance.
2022,Hail,Winter,Consumption,kWh,916045926.6751179,HouseholdEnergyStatistics2022En.xlsx,1-2,Table 1-2,15,916045926.675118,houses-consumption-and-cost-of-electricity-in-the-administrative-regions- (2).csv,both,1.1920928955078125e-07,1.301346210702159e-14,Agreement within tolerance,GASTAT original workbook,916045926.6751179,Original GASTAT publication selected; independent supplied CSV agrees within tolerance.
2022,Hail,Winter,Cost,SAR,197964852.49643362,HouseholdEnergyStatistics2022En.xlsx,1-2,Table 1-2,15,197964852.4964336,houses-consumption-and-cost-of-electricity-in-the-administrative-regions- (2).csv,both,2.9802322387695312e-08,1.5054350311115055e-14,Agreement within tolerance,GASTAT original workbook,197964852.49643362,Original GASTAT publication selected; independent supplied CSV agrees within tolerance.
2022,Jazan,Rest of the year,Consumption,kWh,6363299962.5908575,HouseholdEnergyStatistics2022En.xlsx,1-2,Table 1-2,17,6363299962.5908575,houses-consumption-and-cost-of-electricity-in-the-administrative-regions- (2).csv,both,0.0,0.0,Agreement within tolerance,GASTAT original workbook,6363299962.5908575,Original GASTAT publication selected; independent supplied CSV agrees within tolerance.
2022,Jazan,Rest of the year,Cost,SAR,1399549855.4882736,HouseholdEnergyStatistics2022En.xlsx,1-2,Table 1-2,17,1399549855.4882736,houses-consumption-and-cost-of-electricity-in-the-administrative-regions- (2).csv,both,0.0,0.0,Agreement within tolerance,GASTAT original workbook,1399549855.4882736,Original GASTAT publication selected; independent supplied CSV agrees within tolerance.
2022,Jazan,Winter,Consumption,kWh,1474368226.1921697,HouseholdEnergyStatistics2022En.xlsx,1-2,Table 1-2,17,1474368226.1921697,houses-consumption-and-cost-of-electricity-in-the-administrative-regions- (2).csv,both,0.0,0.0,Agreement within tolerance,GASTAT original workbook,1474368226.1921697,Original GASTAT publication selected; independent supplied CSV agrees within tolerance.
2022,Jazan,Winter,Cost,SAR,319863623.9876814,HouseholdEnergyStatistics2022En.xlsx,1-2,Table 1-2,17,319863623.9876814,houses-consumption-and-cost-of-electricity-in-the-administrative-regions- (2).csv,both,0.0,0.0,Agreement within tolerance,GASTAT original workbook,319863623.9876814,Original GASTAT publication selected; independent supplied CSV agrees within tolerance.
2022,Madinah,Rest of the year,Consumption,kWh,9116706247.741154,HouseholdEnergyStatistics2022En.xlsx,1-2,Table 1-2,10,9116706247.741154,houses-consumption-and-cost-of-electricity-in-the-administrative-regions- (2).csv,both,0.0,0.0,Agreement within tolerance,GASTAT original workbook,9116706247.741154,Original GASTAT publication selected; independent supplied CSV agrees within tolerance.
2022,Madinah,Rest of the year,Cost,SAR,1959853435.2443635,HouseholdEnergyStatistics2022En.xlsx,1-2,Table 1-2,10,1959853435.2443635,houses-consumption-and-cost-of-electricity-in-the-administrative-regions- (2).csv,both,0.0,0.0,Agreement within tolerance,GASTAT original workbook,1959853435.2443635,Original GASTAT publication selected; independent supplied CSV agrees within tolerance.
2022,Madinah,Winter,Consumption,kWh,1603432658.666758,HouseholdEnergyStatistics2022En.xlsx,1-2,Table 1-2,10,1603432658.666758,houses-consumption-and-cost-of-electricity-in-the-administrative-regions- (2).csv,both,0.0,0.0,Agreement within tolerance,GASTAT original workbook,1603432658.666758,Original GASTAT publication selected; independent supplied CSV agrees within tolerance.
2022,Madinah,Winter,Cost,SAR,351392203.2630456,HouseholdEnergyStatistics2022En.xlsx,1-2,Table 1-2,10,351392203.2630456,houses-consumption-and-cost-of-electricity-in-the-administrative-regions- (2).csv,both,0.0,0.0,Agreement within tolerance,GASTAT original workbook,351392203.2630456,Original GASTAT publication selected; independent supplied CSV agrees within tolerance.
2022,Makkah,Rest of the year,Consumption,kWh,34857940792.14248,HouseholdEnergyStatistics2022En.xlsx,1-2,Table 1-2,9,34857940792.14248,houses-consumption-and-cost-of-electricity-in-the-administrative-regions- (2).csv,both,0.0,0.0,Agreement within tolerance,GASTAT original workbook,34857940792.14248,Original GASTAT publication selected; independent supplied CSV agrees within tolerance.
2022,Makkah,Rest of the year,Cost,SAR,7484200719.778509,HouseholdEnergyStatistics2022En.xlsx,1-2,Table 1-2,9,7484200719.778509,houses-consumption-and-cost-of-electricity-in-the-administrative-regions- (2).csv,both,0.0,0.0,Agreement within tolerance,GASTAT original workbook,7484200719.778509,Original GASTAT publication selected; independent supplied CSV agrees within tolerance.
2022,Makkah,Winter,Consumption,kWh,6905449416.637841,HouseholdEnergyStatistics2022En.xlsx,1-2,Table 1-2,9,6905449416.637841,houses-consumption-and-cost-of-electricity-in-the-administrative-regions- (2).csv,both,0.0,0.0,Agreement within tolerance,GASTAT original workbook,6905449416.637841,Original GASTAT publication selected; independent supplied CSV agrees within tolerance.
2022,Makkah,Winter,Cost,SAR,1506458087.9232626,HouseholdEnergyStatistics2022En.xlsx,1-2,Table 1-2,9,1506458087.9232626,houses-consumption-and-cost-of-electricity-in-the-administrative-regions- (2).csv,both,0.0,0.0,Agreement within tolerance,GASTAT original workbook,1506458087.9232626,Original GASTAT publication selected; independent supplied CSV agrees within tolerance.
2022,Najran,Rest of the year,Consumption,kWh,2217208939.165246,HouseholdEnergyStatistics2022En.xlsx,1-2,Table 1-2,18,2217208939.165246,houses-consumption-and-cost-of-electricity-in-the-administrative-regions- (2).csv,both,0.0,0.0,Agreement within tolerance,GASTAT original workbook,2217208939.165246,Original GASTAT publication selected; independent supplied CSV agrees within tolerance.
2022,Najran,Rest of the year,Cost,SAR,474613344.810183,HouseholdEnergyStatistics2022En.xlsx,1-2,Table 1-2,18,474613344.810183,houses-consumption-and-cost-of-electricity-in-the-administrative-regions- (2).csv,both,0.0,0.0,Agreement within tolerance,GASTAT original workbook,474613344.810183,Original GASTAT publication selected; independent supplied CSV agrees within tolerance.
2022,Najran,Winter,Consumption,kWh,473619158.64732385,HouseholdEnergyStatistics2022En.xlsx,1-2,Table 1-2,18,473619158.6473239,houses-consumption-and-cost-of-electricity-in-the-administrative-regions- (2).csv,both,5.960464477539063e-08,1.2584931096458173e-14,Agreement within tolerance,GASTAT original workbook,473619158.64732385,Original GASTAT publication selected; independent supplied CSV agrees within tolerance.
2022,Najran,Winter,Cost,SAR,103258087.85763454,HouseholdEnergyStatistics2022En.xlsx,1-2,Table 1-2,18,103258087.85763454,houses-consumption-and-cost-of-electricity-in-the-administrative-regions- (2).csv,both,0.0,0.0,Agreement within tolerance,GASTAT original workbook,103258087.85763454,Original GASTAT publication selected; independent supplied CSV agrees within tolerance.
2022,Northern Borders,Rest of the year,Consumption,kWh,1767270866.0853336,HouseholdEnergyStatistics2022En.xlsx,1-2,Table 1-2,16,1767270866.0853336,houses-consumption-and-cost-of-electricity-in-the-administrative-regions- (2).csv,both,0.0,0.0,Agreement within tolerance,GASTAT original workbook,1767270866.0853336,Original GASTAT publication selected; independent supplied CSV agrees within tolerance.
2022,Northern Borders,Rest of the year,Cost,SAR,390337957.2707812,HouseholdEnergyStatistics2022En.xlsx,1-2,Table 1-2,16,390337957.2707812,houses-consumption-and-cost-of-electricity-in-the-administrative-regions- (2).csv,both,0.0,0.0,Agreement within tolerance,GASTAT original workbook,390337957.2707812,Original GASTAT publication selected; independent supplied CSV agrees within tolerance.
2022,Northern Borders,Winter,Consumption,kWh,455981401.88894534,HouseholdEnergyStatistics2022En.xlsx,1-2,Table 1-2,16,455981401.8889453,houses-consumption-and-cost-of-electricity-in-the-administrative-regions- (2).csv,both,5.960464477539063e-08,1.3071727164413471e-14,Agreement within tolerance,GASTAT original workbook,455981401.88894534,Original GASTAT publication selected; independent supplied CSV agrees within tolerance.
2022,Northern Borders,Winter,Cost,SAR,98825697.08041094,HouseholdEnergyStatistics2022En.xlsx,1-2,Table 1-2,16,98825697.08041094,houses-consumption-and-cost-of-electricity-in-the-administrative-regions- (2).csv,both,0.0,0.0,Agreement within tolerance,GASTAT original workbook,98825697.08041094,Original GASTAT publication selected; independent supplied CSV agrees within tolerance.
2022,Riyadh,Rest of the year,Consumption,kWh,41758614119.97405,HouseholdEnergyStatistics2022En.xlsx,1-2,Table 1-2,8,41758614119.97405,houses-consumption-and-cost-of-electricity-in-the-administrative-regions- (2).csv,both,0.0,0.0,Agreement within tolerance,GASTAT original workbook,41758614119.97405,Original GASTAT publication selected; independent supplied CSV agrees within tolerance.
2022,Riyadh,Rest of the year,Cost,SAR,9058109828.138418,HouseholdEnergyStatistics2022En.xlsx,1-2,Table 1-2,8,9058109828.138418,houses-consumption-and-cost-of-electricity-in-the-administrative-regions- (2).csv,both,0.0,0.0,Agreement within tolerance,GASTAT original workbook,9058109828.138418,Original GASTAT publication selected; independent supplied CSV agrees within tolerance.
2022,Riyadh,Winter,Consumption,kWh,7051873187.09648,HouseholdEnergyStatistics2022En.xlsx,1-2,Table 1-2,8,7051873187.09648,houses-consumption-and-cost-of-electricity-in-the-administrative-regions- (2).csv,both,0.0,0.0,Agreement within tolerance,GASTAT original workbook,7051873187.09648,Original GASTAT publication selected; independent supplied CSV agrees within tolerance.
2022,Riyadh,Winter,Cost,SAR,1530701468.4044638,HouseholdEnergyStatistics2022En.xlsx,1-2,Table 1-2,8,1530701468.4044638,houses-consumption-and-cost-of-electricity-in-the-administrative-regions- (2).csv,both,0.0,0.0,Agreement within tolerance,GASTAT original workbook,1530701468.4044638,Original GASTAT publication selected; independent supplied CSV agrees within tolerance.
2022,Tabuk,Rest of the year,Consumption,kWh,3992525149.8256235,HouseholdEnergyStatistics2022En.xlsx,1-2,Table 1-2,14,3992525149.825624,houses-consumption-and-cost-of-electricity-in-the-administrative-regions- (2).csv,both,4.76837158203125e-07,1.1943247451401807e-14,Agreement within tolerance,GASTAT original workbook,3992525149.8256235,Original GASTAT publication selected; independent supplied CSV agrees within tolerance.
2022,Tabuk,Rest of the year,Cost,SAR,858495393.3211132,HouseholdEnergyStatistics2022En.xlsx,1-2,Table 1-2,14,858495393.3211132,houses-consumption-and-cost-of-electricity-in-the-administrative-regions- (2).csv,both,0.0,0.0,Agreement within tolerance,GASTAT original workbook,858495393.3211132,Original GASTAT publication selected; independent supplied CSV agrees within tolerance.
2022,Tabuk,Winter,Consumption,kWh,879807667.6899235,HouseholdEnergyStatistics2022En.xlsx,1-2,Table 1-2,14,879807667.6899235,houses-consumption-and-cost-of-electricity-in-the-administrative-regions- (2).csv,both,0.0,0.0,Agreement within tolerance,GASTAT original workbook,879807667.6899235,Original GASTAT publication selected; independent supplied CSV agrees within tolerance.
2022,Tabuk,Winter,Cost,SAR,190772517.64892492,HouseholdEnergyStatistics2022En.xlsx,1-2,Table 1-2,14,190772517.6489249,houses-consumption-and-cost-of-electricity-in-the-administrative-regions- (2).csv,both,2.9802322387695312e-08,1.5621915963042418e-14,Agreement within tolerance,GASTAT original workbook,190772517.64892492,Original GASTAT publication selected; independent supplied CSV agrees within tolerance.
