year,region,time_index,consumption_lag_1,consumption_lag_2,cost_lag_1,cost_lag_2,consumption_rolling_mean_2,consumption_rolling_std_2,cost_rolling_mean_2,consumption_growth_lag_1_pct,cost_growth_lag_1_pct,winter_consumption_growth_lag_1_pct,rest_consumption_growth_lag_1_pct,region_historical_mean_consumption,region_historical_mean_cost
2019,Al-Bahah,2,3214577055,3078128993.36281,261429555,245063291.019225,3146353024.18141,96483349.6634156,253246423.009612,4.43282467795869,6.67838251608697,1.8743144312823,5.09560238588078,3146353024.18141,253246423.009612
2019,Al-Jouf,2,5643290091,5588687122.23086,827752089,296932616.553909,5615988606.61543,38610129.4895774,562342352.776955,0.977026760935318,178.767653956843,1.63821100787065,0.824575334519806,5615988606.61543,562342352.776955
2019,Al-Qassim,2,10937520259,10384493122.6399,922177731,830002011.56299,10661006690.82,391049238.300396,876089871.281495,5.32550919750139,11.1054814509946,10.0167201877267,4.41852441236408,10661006690.82,876089871.281495
2019,Asir,2,24780198852,24610534454.8141,3196672520,2245157639.95908,24695366653.4071,119970845.776044,2720915079.97954,0.689397450906082,42.3807604021187,1.1790814199272,0.590177903886691,24695366653.4071,2720915079.97954
2019,Eastern Region,2,36141733496,35990505143.6888,3494634736,3524878638.09958,36066119319.8444,106934593.426898,3509756687.04979,0.420189579744457,-0.858012578721956,1.03790478929249,0.31439275765166,36066119319.8444,3509756687.04979
2019,Hail,2,5218320215,4982414407.96402,475171976,394706295.202756,5100367311.48201,166810595.876425,434939135.601378,4.73476888351358,20.3862167325984,0.551947193304403,5.86046330807137,5100367311.48201,434939135.601378
2019,Jazan,2,14750953202,14655084164.5821,1822494343,1286253649.52746,14703018683.2911,67789646.4639889,1554373996.26373,0.654169135715676,41.6901202705659,1.3494280318274,0.523083195586405,14703018683.2911,1554373996.26373
2019,Madinah,2,15479286644,15393898774.4783,1302991274,1316727837.81506,15436592709.2391,60378341.5698965,1309859555.90753,0.554686442808805,-1.04323485997359,0.729998076600058,0.521360230592771,15436592709.2391,1309859555.90753
2019,Makkah,2,65594746995,65176664348.3867,6298253071,5824729025.39949,65385705671.6934,295629074.516651,6061491048.19975,0.641460637473701,8.12954634517153,2.63499698153029,0.270494154875567,65385705671.6934,6061491048.19975
2019,Najran,2,4829334084,4791336394.2692,463561284,505799205.331946,4810335239.1346,26868424.0780685,484680244.665973,0.793049926034084,-8.35072908116303,1.62630233682408,0.634170793144495,4810335239.1346,484680244.665973
2019,Northern Borders,2,2216659455,2142165202.3381,194827934,153329672.080928,2179412328.66905,52675391.2166557,174078803.040464,3.47752136859449,27.064730104666,0.752241273270449,4.22585037977843,2179412328.66905,174078803.040464
2019,Riyadh,2,68331532811,67967321953.5769,7493312338,5647002363.0512,68149427382.2885,257535967.065616,6570157350.5256,0.535861715534169,32.6953993685104,0.327824975878155,0.570311803694801,68149427382.2885,6570157350.5256
2019,Tabuk,2,5897599322,5697071041.16949,485318948,433889684.403389,5797335181.58475,141794907.194931,459604316.201694,3.51984869736399,11.8530735911199,0.708912951099938,4.20144120159043,5797335181.58475,459604316.201694
2020,Al-Bahah,3,2789681094,3214577055,836616522,261429555,3002129074.5,300446815.321875,549023038.5,-13.2177874018951,220.016044857667,-9.51828801883975,-14.1467620169496,3027462380.7876,447703122.673075
2020,Al-Jouf,3,3265981960,5643290091,1122461237,827752089,4454636025.5,1681010700.40002,975106663,-42.1262790440521,35.6035523094886,-34.149481836377,-43.9803577087653,4832653057.74362,749048647.51797
2020,Al-Qassim,3,8292713388,10937520259,2418167922,922177731,9615116823.5,1870160873.41287,1670172826.5,-24.1810466026219,162.223630078094,4.69718798245731,-30.0636127258941,9871575589.87997,1390115888.18766
2020,Asir,3,13625748398,24780198852,4170282160,3196672520,19202973625,7887387556.43276,3683477340,-45.0135631300623,30.4569715511553,-28.5724868123771,-48.3643496117369,21005493901.6047,3204037439.98636
2020,Eastern Region,3,32484475163,36141733496,11329072150,3494634736,34313104329.5,2586072167.81531,7411853443,-10.1192111701138,224.184729044598,-19.2437887313121,-8.54516242237219,34872237934.2296,6116195174.69986
2020,Hail,3,3861815623,5218320215,888657499,475171976,4540067919,959193595.713891,681914737.5,-25.9950431577722,87.0180784819684,-12.2755282863394,-29.5021307528941,4687516748.65467,586178590.067585
2020,Jazan,3,9397564226,14750953202,2423470589,1822494343,12074258714,3785417647.25891,2122982466,-36.2918172316767,32.9754793647664,-2.89367284815019,-42.6405551289861,12934533864.1941,1844072860.50915
2020,Madinah,3,13323863197,15479286644,3552195584,1302991274,14401574920.5,1524114535.70218,2427593429,-13.9245657540393,172.618524381615,16.9615570539087,-19.8081107782298,14732349538.4928,2057304898.60502
2020,Makkah,3,49646990867,65594746995,12489950209,6298253071,57620868931,11276766502.8181,9394101640,-24.3125507126594,98.3081668551772,-6.51414188384531,-27.7026624402674,60139467403.4622,8204310768.4665
2020,Najran,3,3311651001,4829334084,788501856,463561284,4070492542.5,1073163999.68141,626031570,-31.4263427752537,70.0965726033324,-4.59171134403977,-36.5934392276268,4310773826.42307,585954115.110649
2020,Northern Borders,3,1846945350,2216659455,440027650,194827934,2031802402.5,261427350.745815,317427792,-16.6788860673233,125.854496819743,2.37809193410559,-21.7373043604792,2068590002.44603,262728418.693643
2020,Riyadh,3,40748603259,68331532811,11431943354,7493312338,54540068035,19504076531.21,9462627846,-40.3663263756901,52.561949086607,-7.82600173565569,-45.7418872057751,59015819341.1923,8190752685.01706
2020,Tabuk,3,4895356711,5897599322,978495394,485318948,5396478016.5,708692546.632211,731907171,-16.9940776963485,101.619037960991,2.66340471948006,-21.6008417100658,5496675691.38983,632568008.801129
2021,Al-Bahah,4,2303504309,2789681094,507143229,836616522,2546592701.5,343778901.528974,671879875.5,-17.4276832590528,-39.3816383415866,-19.633496483688,-16.8439240383999,2846472862.8407,462563149.254806
2021,Al-Jouf,4,2593704416,3265981960,641460900,1122461237,2929843188,475372010.201837,881961068.5,-20.584239356913,-42.8522893392353,-28.2101002971468,-18.5006729245025,4272915897.30771,722151710.638477
2021,Al-Qassim,4,10038115978,8292713388,2197242924,2418167922,9165414683,1234186007.28956,2307705423,21.0474245079505,-9.13604865857616,-20.5625770562645,33.7363758784289,9913210686.90998,1591897647.14075
2021,Asir,4,10832588845,13625748398,2455697225,4170282160,12229168621.5,1975062060.86229,3312989692.5,-20.4991276179001,-41.1143627509367,-35.068318699196,-16.3917197841311,18462267637.4535,3016952386.23977
2021,Eastern Region,4,25039529172,32484475163,6148415052,11329072150,28762002167.5,5264371795.8037,8738743601,-22.9184739899379,-45.7288737277571,-18.9088297127976,-23.5292479443365,32414060743.6722,6124250144.02489
2021,Hail,4,4313963103,3861815623,865944215,888657499,4087889363,319716549.204409,877300857,11.7081581344051,-2.55590978814212,-10.9335938714088,18.9103163613028,4594128337.241,656119996.300689
2021,Jazan,4,7805460602,9397564226,1625031896,2423470589,8601512414,1125787268.88208,2024251242.5,-16.9416626022642,-32.9460855280881,-32.0543154102925,-12.0781689452668,11652265548.6455,1789312619.38186
2021,Madinah,4,12326096873,13323863197,2637497156,3552195584,12824980035,705527333.739973,3094846370,-7.48856626075729,-25.7502270460567,-29.5684675669221,-1.35397669868277,14130786372.1196,2202352962.95377
2021,Makkah,4,54697403161,49646990867,11578548744,12489950209,52172197014,3571180780.87532,12034249476.5,10.1726453221095,-7.2970784490659,-3.03391350588398,13.4253611132866,58778951342.8467,9047870262.34987
2021,Najran,4,2789328989,3311651001,564794992,788501856,3050489995,369337436.648197,676648424,-15.7722541367517,-28.3711271315004,-23.4885153788152,-13.5365735016077,3930412617.0673,580664334.332987
2021,Northern Borders,4,1726942826,1846945350,351519795,440027650,1786944088,84854598.4798993,395773722.5,-6.49735109920822,-20.11415759896,-20.3482445337446,-1.6879530445484,1983178208.33452,284926262.770232
2021,Riyadh,4,53561194485,40748603259,11927547245,11431943354,47154898872,9059870140.47586,11679745299.5,31.4430193951988,4.33525495756231,-6.04104827306319,41.9624529541212,57652163127.1442,9124951325.0128
2021,Tabuk,4,4448465856,4895356711,846501254,978495394,4671911283.5,315999554.020754,912498324,-9.12887214114191,-13.4895003910463,-27.5882428211364,-3.46401158758385,5234623232.54237,686051320.100847
2022,Al-Bahah,5,1832647730,2303504309,403835002,507143229,2068076019.5,332945879.977199,455489115.5,-20.4408811895997,-20.3706213733162,-21.5948368389777,-20.1457363313928,2643707836.27256,450817519.803845
2022,Al-Jouf,5,1495169225,2593704416,354387934,641460900,2044436820.5,776781682.928159,497924417,-42.3539083414199,-44.7529952332247,-47.5308487109086,-41.1079573590601,3717366562.84617,648598955.310782
2022,Al-Qassim,5,10685966202,10038115978,2405546724,2197242924,10362041090,458099286.583624,2301394824,6.45390255920393,9.48023533150311,-18.0019939609604,10.8837338396219,10067761789.928,1754627462.5126
2022,Asir,5,5949106568,10832588845,1413160934,2455697225,8390847706.5,3453143433.87102,1934429079.5,-45.0813960252361,-42.4537797407007,-55.9076198647719,-42.7110227173094,15959635423.5628,2696194095.79182
2022,Eastern Region,5,18541505095,25039529172,4221531583,6148415052,21790517133.5,4594796889.16016,5184973317.5,-25.9510633461363,-31.3395151873036,-24.8350015204359,-26.1313406789739,29639549613.9378,5743706431.81992
2022,Hail,5,4313947564,4313963103,952280633,865944215,4313955333.5,10987.7322728578,909112424,-0.0003602024317039,9.9702055287707,-13.1345983652925,3.12897373644605,4538092182.5928,715352123.640551
2022,Jazan,5,5273035639,7805460602,1176446938,1625031896,6539248120.5,1790694864.18339,1400739417,-32.4442732098489,-27.6046863513379,-36.4787139772743,-31.4409146803218,10376419566.7164,1666739483.10549
2022,Madinah,5,11038916270,12326096873,2513774412,2637497156,11682506571.5,910174132.993088,2575635784,-10.4427266495003,-4.69091478330299,-26.3389059533455,-7.28940195564793,13512412351.6957,2264637252.76301
2022,Makkah,5,54498273349,54697403161,12442921930,11578548744,54597838255,140806040.401822,12010735337,-0.364057159009668,7.46529815705892,-4.14314728859569,0.431650237445336,57922815744.0773,9726880595.8799
2022,Najran,5,2018166709,2789328989,478249987,564794992,2403747849,545294077.583275,521522489.5,-27.6468743214284,-15.3232599838633,-24.5970401418531,-28.4288140087705,3547963435.45384,560181464.866389
2022,Northern Borders,5,1544512407,1726942826,346438834,351519795,1635727616.5,128997786.369601,348979314.5,-10.5637787339232,-1.44542670776193,-18.4308182814755,-8.35061837897204,1895445048.06762,297228777.016186
2022,Riyadh,5,56274905515,53561194485,13283907918,11927547245,54918050000,1918883471.49373,12605727581.5,5.06656181978911,11.3716646443684,-7.08118016356425,7.32290870947991,57376711604.7154,9956742643.61024
2022,Tabuk,5,3862737062,4448465856,870799760,846501254,4155601459,414172802.173618,858650507,-13.1669841460058,2.87046308380305,-27.6786614528564,-9.82649716008817,4960245998.4339,723001008.080678
