year,region_original,region,season,measure,unit,value,source_type,source_file,source_sheet,source_table,source_excel_row
2017,Al-Bahah,Al-Bahah,Rest of the year,Consumption,kWh,2444806140.0,Independent supplied household CSV,houses-consumption-and-cost-of-electricity-in-the-administrative-regions- (2).csv,,,
2017,Al-Bahah,Al-Bahah,Rest of the year,Cost,SAR,202643571.97854495,Independent supplied household CSV,houses-consumption-and-cost-of-electricity-in-the-administrative-regions- (2).csv,,,
2017,Al-Bahah,Al-Bahah,Winter,Consumption,kWh,633322853.3628119,Independent supplied household CSV,houses-consumption-and-cost-of-electricity-in-the-administrative-regions- (2).csv,,,
2017,Al-Bahah,Al-Bahah,Winter,Cost,SAR,42419719.04067979,Independent supplied household CSV,houses-consumption-and-cost-of-electricity-in-the-administrative-regions- (2).csv,,,
2017,Al-Jouf,Al-Jouf,Rest of the year,Consumption,kWh,4541531311.0,Independent supplied household CSV,houses-consumption-and-cost-of-electricity-in-the-administrative-regions- (2).csv,,,
2017,Al-Jouf,Al-Jouf,Rest of the year,Cost,SAR,243302753.4213392,Independent supplied household CSV,houses-consumption-and-cost-of-electricity-in-the-administrative-regions- (2).csv,,,
2017,Al-Jouf,Al-Jouf,Winter,Consumption,kWh,1047155811.2308588,Independent supplied household CSV,houses-consumption-and-cost-of-electricity-in-the-administrative-regions- (2).csv,,,
2017,Al-Jouf,Al-Jouf,Winter,Cost,SAR,53629863.13256977,Independent supplied household CSV,houses-consumption-and-cost-of-electricity-in-the-administrative-regions- (2).csv,,,
2017,Al Qassim,Al-Qassim,Rest of the year,Consumption,kWh,8702062275.0,Independent supplied household CSV,houses-consumption-and-cost-of-electricity-in-the-administrative-regions- (2).csv,,,
2017,Al Qassim,Al-Qassim,Rest of the year,Cost,SAR,714747363.3142709,Independent supplied household CSV,houses-consumption-and-cost-of-electricity-in-the-administrative-regions- (2).csv,,,
2017,Al Qassim,Al-Qassim,Winter,Consumption,kWh,1682430847.639912,Independent supplied household CSV,houses-consumption-and-cost-of-electricity-in-the-administrative-regions- (2).csv,,,
2017,Al Qassim,Al-Qassim,Winter,Cost,SAR,115254648.24871904,Independent supplied household CSV,houses-consumption-and-cost-of-electricity-in-the-administrative-regions- (2).csv,,,
2017,Asir,Asir,Rest of the year,Consumption,kWh,20464106366.0,Independent supplied household CSV,houses-consumption-and-cost-of-electricity-in-the-administrative-regions- (2).csv,,,
2017,Asir,Asir,Rest of the year,Cost,SAR,1969645445.2545493,Independent supplied household CSV,houses-consumption-and-cost-of-electricity-in-the-administrative-regions- (2).csv,,,
2017,Asir,Asir,Winter,Consumption,kWh,4146428088.81415,Independent supplied household CSV,houses-consumption-and-cost-of-electricity-in-the-administrative-regions- (2).csv,,,
2017,Asir,Asir,Winter,Cost,SAR,275512194.7045303,Independent supplied household CSV,houses-consumption-and-cost-of-electricity-in-the-administrative-regions- (2).csv,,,
2017,Eastern Region,Eastern Region,Rest of the year,Consumption,kWh,30727730092.0,Independent supplied household CSV,houses-consumption-and-cost-of-electricity-in-the-administrative-regions- (2).csv,,,
2017,Eastern Region,Eastern Region,Rest of the year,Cost,SAR,3165695573.42404,Independent supplied household CSV,houses-consumption-and-cost-of-electricity-in-the-administrative-regions- (2).csv,,,
2017,Eastern Region,Eastern Region,Winter,Consumption,kWh,5262775051.688831,Independent supplied household CSV,houses-consumption-and-cost-of-electricity-in-the-administrative-regions- (2).csv,,,
2017,Eastern Region,Eastern Region,Winter,Cost,SAR,359183064.6755376,Independent supplied household CSV,houses-consumption-and-cost-of-electricity-in-the-administrative-regions- (2).csv,,,
2017,Hail,Hail,Rest of the year,Consumption,kWh,3925871299.0,Independent supplied household CSV,houses-consumption-and-cost-of-electricity-in-the-administrative-regions- (2).csv,,,
2017,Hail,Hail,Rest of the year,Cost,SAR,321251274.1050998,Independent supplied household CSV,houses-consumption-and-cost-of-electricity-in-the-administrative-regions- (2).csv,,,
2017,Hail,Hail,Winter,Consumption,kWh,1056543108.964022,Independent supplied household CSV,houses-consumption-and-cost-of-electricity-in-the-administrative-regions- (2).csv,,,
2017,Hail,Hail,Winter,Cost,SAR,73455021.09765667,Independent supplied household CSV,houses-consumption-and-cost-of-electricity-in-the-administrative-regions- (2).csv,,,
2017,Jazan,Jazan,Rest of the year,Consumption,kWh,12330297464.0,Independent supplied household CSV,houses-consumption-and-cost-of-electricity-in-the-administrative-regions- (2).csv,,,
2017,Jazan,Jazan,Rest of the year,Cost,SAR,1136274518.6838713,Independent supplied household CSV,houses-consumption-and-cost-of-electricity-in-the-administrative-regions- (2).csv,,,
2017,Jazan,Jazan,Winter,Consumption,kWh,2324786700.582149,Independent supplied household CSV,houses-consumption-and-cost-of-electricity-in-the-administrative-regions- (2).csv,,,
2017,Jazan,Jazan,Winter,Cost,SAR,149979130.84358788,Independent supplied household CSV,houses-consumption-and-cost-of-electricity-in-the-administrative-regions- (2).csv,,,
2017,Madinah,Madinah,Rest of the year,Consumption,kWh,12934995238.0,Independent supplied household CSV,houses-consumption-and-cost-of-electricity-in-the-administrative-regions- (2).csv,,,
2017,Madinah,Madinah,Rest of the year,Cost,SAR,1155048654.4745312,Independent supplied household CSV,houses-consumption-and-cost-of-electricity-in-the-administrative-regions- (2).csv,,,
2017,Madinah,Madinah,Winter,Consumption,kWh,2458903536.478258,Independent supplied household CSV,houses-consumption-and-cost-of-electricity-in-the-administrative-regions- (2).csv,,,
2017,Madinah,Madinah,Winter,Cost,SAR,161679183.34053198,Independent supplied household CSV,houses-consumption-and-cost-of-electricity-in-the-administrative-regions- (2).csv,,,
2017,Makkah,Makkah,Rest of the year,Consumption,kWh,54951107564.0,Independent supplied household CSV,houses-consumption-and-cost-of-electricity-in-the-administrative-regions- (2).csv,,,
2017,Makkah,Makkah,Rest of the year,Cost,SAR,5151689960.917025,Independent supplied household CSV,houses-consumption-and-cost-of-electricity-in-the-administrative-regions- (2).csv,,,
2017,Makkah,Makkah,Winter,Consumption,kWh,10225556784.386744,Independent supplied household CSV,houses-consumption-and-cost-of-electricity-in-the-administrative-regions- (2).csv,,,
2017,Makkah,Makkah,Winter,Cost,SAR,673039064.4824653,Independent supplied household CSV,houses-consumption-and-cost-of-electricity-in-the-administrative-regions- (2).csv,,,
2017,Najran,Najran,Rest of the year,Consumption,kWh,4024055708.0,Independent supplied household CSV,houses-consumption-and-cost-of-electricity-in-the-administrative-regions- (2).csv,,,
2017,Najran,Najran,Rest of the year,Cost,SAR,451502210.43434113,Independent supplied household CSV,houses-consumption-and-cost-of-electricity-in-the-administrative-regions- (2).csv,,,
2017,Najran,Najran,Winter,Consumption,kWh,767280686.2692041,Independent supplied household CSV,houses-consumption-and-cost-of-electricity-in-the-administrative-regions- (2).csv,,,
2017,Najran,Najran,Winter,Cost,SAR,54296994.89760524,Independent supplied household CSV,houses-consumption-and-cost-of-electricity-in-the-administrative-regions- (2).csv,,,
2017,Northern Borders,Northern Borders,Rest of the year,Consumption,kWh,1680672755.0,Independent supplied household CSV,houses-consumption-and-cost-of-electricity-in-the-administrative-regions- (2).csv,,,
2017,Northern Borders,Northern Borders,Rest of the year,Cost,SAR,124393718.41279708,Independent supplied household CSV,houses-consumption-and-cost-of-electricity-in-the-administrative-regions- (2).csv,,,
2017,Northern Borders,Northern Borders,Winter,Consumption,kWh,461492447.338097,Independent supplied household CSV,houses-consumption-and-cost-of-electricity-in-the-administrative-regions- (2).csv,,,
2017,Northern Borders,Northern Borders,Winter,Cost,SAR,28935953.668130457,Independent supplied household CSV,houses-consumption-and-cost-of-electricity-in-the-administrative-regions- (2).csv,,,
2017,Riyadh,Riyadh,Rest of the year,Consumption,kWh,58311208859.0,Independent supplied household CSV,houses-consumption-and-cost-of-electricity-in-the-administrative-regions- (2).csv,,,
2017,Riyadh,Riyadh,Rest of the year,Cost,SAR,5000680818.49279,Independent supplied household CSV,houses-consumption-and-cost-of-electricity-in-the-administrative-regions- (2).csv,,,
2017,Riyadh,Riyadh,Winter,Consumption,kWh,9656113094.576937,Independent supplied household CSV,houses-consumption-and-cost-of-electricity-in-the-administrative-regions- (2).csv,,,
2017,Riyadh,Riyadh,Winter,Cost,SAR,646321544.558405,Independent supplied household CSV,houses-consumption-and-cost-of-electricity-in-the-administrative-regions- (2).csv,,,
2017,Tabuk,Tabuk,Rest of the year,Consumption,kWh,4585245842.0,Independent supplied household CSV,houses-consumption-and-cost-of-electricity-in-the-administrative-regions- (2).csv,,,
2017,Tabuk,Tabuk,Rest of the year,Cost,SAR,360078967.36779565,Independent supplied household CSV,houses-consumption-and-cost-of-electricity-in-the-administrative-regions- (2).csv,,,
2017,Tabuk,Tabuk,Winter,Consumption,kWh,1111825199.1694949,Independent supplied household CSV,houses-consumption-and-cost-of-electricity-in-the-administrative-regions- (2).csv,,,
2017,Tabuk,Tabuk,Winter,Cost,SAR,73810717.035593,Independent supplied household CSV,houses-consumption-and-cost-of-electricity-in-the-administrative-regions- (2).csv,,,
2017,Total,Total,Rest of the year,Consumption,kWh,219623690912.0,Independent supplied household CSV,houses-consumption-and-cost-of-electricity-in-the-administrative-regions- (2).csv,,,
2017,Total,Total,Rest of the year,Cost,SAR,19996954830.281124,Independent supplied household CSV,houses-consumption-and-cost-of-electricity-in-the-administrative-regions- (2).csv,,,
2017,Total,Total,Winter,Consumption,kWh,40834614210.50189,Independent supplied household CSV,houses-consumption-and-cost-of-electricity-in-the-administrative-regions- (2).csv,,,
2017,Total,Total,Winter,Cost,SAR,2707517099.7260065,Independent supplied household CSV,houses-consumption-and-cost-of-electricity-in-the-administrative-regions- (2).csv,,,
2018,Al-Bahah,Al-Bahah,Rest of the year,Consumption,kWh,2569383740.0,Independent supplied household CSV,houses-consumption-and-cost-of-electricity-in-the-administrative-regions- (2).csv,,,
2018,Al-Bahah,Al-Bahah,Rest of the year,Cost,SAR,216447376.0,Independent supplied household CSV,houses-consumption-and-cost-of-electricity-in-the-administrative-regions- (2).csv,,,
2018,Al-Bahah,Al-Bahah,Winter,Consumption,kWh,645193315.0,Independent supplied household CSV,houses-consumption-and-cost-of-electricity-in-the-administrative-regions- (2).csv,,,
2018,Al-Bahah,Al-Bahah,Winter,Cost,SAR,44982179.0,Independent supplied household CSV,houses-consumption-and-cost-of-electricity-in-the-administrative-regions- (2).csv,,,
2018,Al-Jouf,Al-Jouf,Rest of the year,Consumption,kWh,4578979658.0,Independent supplied household CSV,houses-consumption-and-cost-of-electricity-in-the-administrative-regions- (2).csv,,,
2018,Al-Jouf,Al-Jouf,Rest of the year,Cost,SAR,710136919.0,Independent supplied household CSV,houses-consumption-and-cost-of-electricity-in-the-administrative-regions- (2).csv,,,
2018,Al-Jouf,Al-Jouf,Winter,Consumption,kWh,1064310433.0,Independent supplied household CSV,houses-consumption-and-cost-of-electricity-in-the-administrative-regions- (2).csv,,,
2018,Al-Jouf,Al-Jouf,Winter,Cost,SAR,117615170.0,Independent supplied household CSV,houses-consumption-and-cost-of-electricity-in-the-administrative-regions- (2).csv,,,
2018,Al Qassim,Al-Qassim,Rest of the year,Consumption,kWh,9086565021.0,Independent supplied household CSV,houses-consumption-and-cost-of-electricity-in-the-administrative-regions- (2).csv,,,
2018,Al Qassim,Al-Qassim,Rest of the year,Cost,SAR,797739786.0,Independent supplied household CSV,houses-consumption-and-cost-of-electricity-in-the-administrative-regions- (2).csv,,,
2018,Al Qassim,Al-Qassim,Winter,Consumption,kWh,1850955238.0,Independent supplied household CSV,houses-consumption-and-cost-of-electricity-in-the-administrative-regions- (2).csv,,,
2018,Al Qassim,Al-Qassim,Winter,Cost,SAR,124437945.0,Independent supplied household CSV,houses-consumption-and-cost-of-electricity-in-the-administrative-regions- (2).csv,,,
2018,Asir,Asir,Rest of the year,Consumption,kWh,20584881000.0,Independent supplied household CSV,houses-consumption-and-cost-of-electricity-in-the-administrative-regions- (2).csv,,,
2018,Asir,Asir,Rest of the year,Cost,SAR,2808175606.0,Independent supplied household CSV,houses-consumption-and-cost-of-electricity-in-the-administrative-regions- (2).csv,,,
2018,Asir,Asir,Winter,Consumption,kWh,4195317852.0,Independent supplied household CSV,houses-consumption-and-cost-of-electricity-in-the-administrative-regions- (2).csv,,,
2018,Asir,Asir,Winter,Cost,SAR,388496914.0,Independent supplied household CSV,houses-consumption-and-cost-of-electricity-in-the-administrative-regions- (2).csv,,,
2018,Eastern Region,Eastern Region,Rest of the year,Consumption,kWh,30824335850.0,Independent supplied household CSV,houses-consumption-and-cost-of-electricity-in-the-administrative-regions- (2).csv,,,
2018,Eastern Region,Eastern Region,Rest of the year,Cost,SAR,3099368423.0,Independent supplied household CSV,houses-consumption-and-cost-of-electricity-in-the-administrative-regions- (2).csv,,,
2018,Eastern Region,Eastern Region,Winter,Consumption,kWh,5317397646.0,Independent supplied household CSV,houses-consumption-and-cost-of-electricity-in-the-administrative-regions- (2).csv,,,
2018,Eastern Region,Eastern Region,Winter,Cost,SAR,395266313.0,Independent supplied household CSV,houses-consumption-and-cost-of-electricity-in-the-administrative-regions- (2).csv,,,
2018,Hail,Hail,Rest of the year,Consumption,kWh,4155945546.0,Independent supplied household CSV,houses-consumption-and-cost-of-electricity-in-the-administrative-regions- (2).csv,,,
2018,Hail,Hail,Rest of the year,Cost,SAR,387834754.0,Independent supplied household CSV,houses-consumption-and-cost-of-electricity-in-the-administrative-regions- (2).csv,,,
2018,Hail,Hail,Winter,Consumption,kWh,1062374669.0,Independent supplied household CSV,houses-consumption-and-cost-of-electricity-in-the-administrative-regions- (2).csv,,,
2018,Hail,Hail,Winter,Cost,SAR,87337222.0,Independent supplied household CSV,houses-consumption-and-cost-of-electricity-in-the-administrative-regions- (2).csv,,,
2018,Jazan,Jazan,Rest of the year,Consumption,kWh,12394795178.0,Independent supplied household CSV,houses-consumption-and-cost-of-electricity-in-the-administrative-regions- (2).csv,,,
2018,Jazan,Jazan,Rest of the year,Cost,SAR,1613227580.0,Independent supplied household CSV,houses-consumption-and-cost-of-electricity-in-the-administrative-regions- (2).csv,,,
2018,Jazan,Jazan,Winter,Consumption,kWh,2356158024.0,Independent supplied household CSV,houses-consumption-and-cost-of-electricity-in-the-administrative-regions- (2).csv,,,
2018,Jazan,Jazan,Winter,Cost,SAR,209266763.0,Independent supplied household CSV,houses-consumption-and-cost-of-electricity-in-the-administrative-regions- (2).csv,,,
2018,Madinah,Madinah,Rest of the year,Consumption,kWh,13002433159.0,Independent supplied household CSV,houses-consumption-and-cost-of-electricity-in-the-administrative-regions- (2).csv,,,
2018,Madinah,Madinah,Rest of the year,Cost,SAR,1142518355.0,Independent supplied household CSV,houses-consumption-and-cost-of-electricity-in-the-administrative-regions- (2).csv,,,
2018,Madinah,Madinah,Winter,Consumption,kWh,2476853485.0,Independent supplied household CSV,houses-consumption-and-cost-of-electricity-in-the-administrative-regions- (2).csv,,,
2018,Madinah,Madinah,Winter,Cost,SAR,160472919.0,Independent supplied household CSV,houses-consumption-and-cost-of-electricity-in-the-administrative-regions- (2).csv,,,
2018,Makkah,Makkah,Rest of the year,Consumption,kWh,55099747098.0,Independent supplied household CSV,houses-consumption-and-cost-of-electricity-in-the-administrative-regions- (2).csv,,,
2018,Makkah,Makkah,Rest of the year,Cost,SAR,5583934956.0,Independent supplied household CSV,houses-consumption-and-cost-of-electricity-in-the-administrative-regions- (2).csv,,,
2018,Makkah,Makkah,Winter,Consumption,kWh,10494999897.0,Independent supplied household CSV,houses-consumption-and-cost-of-electricity-in-the-administrative-regions- (2).csv,,,
2018,Makkah,Makkah,Winter,Cost,SAR,714318115.0,Independent supplied household CSV,houses-consumption-and-cost-of-electricity-in-the-administrative-regions- (2).csv,,,
2018,Najran,Najran,Rest of the year,Consumption,kWh,4049575094.0,Independent supplied household CSV,houses-consumption-and-cost-of-electricity-in-the-administrative-regions- (2).csv,,,
2018,Najran,Najran,Rest of the year,Cost,SAR,406724274.0,Independent supplied household CSV,houses-consumption-and-cost-of-electricity-in-the-administrative-regions- (2).csv,,,
2018,Najran,Najran,Winter,Consumption,kWh,779758990.0,Independent supplied household CSV,houses-consumption-and-cost-of-electricity-in-the-administrative-regions- (2).csv,,,
2018,Najran,Najran,Winter,Cost,SAR,56837010.0,Independent supplied household CSV,houses-consumption-and-cost-of-electricity-in-the-administrative-regions- (2).csv,,,
2018,Northern Borders,Northern Borders,Rest of the year,Consumption,kWh,1751695471.0,Independent supplied household CSV,houses-consumption-and-cost-of-electricity-in-the-administrative-regions- (2).csv,,,
2018,Northern Borders,Northern Borders,Rest of the year,Cost,SAR,160173685.0,Independent supplied household CSV,houses-consumption-and-cost-of-electricity-in-the-administrative-regions- (2).csv,,,
2018,Northern Borders,Northern Borders,Winter,Consumption,kWh,464963984.0,Independent supplied household CSV,houses-consumption-and-cost-of-electricity-in-the-administrative-regions- (2).csv,,,
2018,Northern Borders,Northern Borders,Winter,Cost,SAR,34654249.0,Independent supplied household CSV,houses-consumption-and-cost-of-electricity-in-the-administrative-regions- (2).csv,,,
2018,Riyadh,Riyadh,Rest of the year,Consumption,kWh,58643764566.0,Independent supplied household CSV,houses-consumption-and-cost-of-electricity-in-the-administrative-regions- (2).csv,,,
2018,Riyadh,Riyadh,Rest of the year,Cost,SAR,6788343838.0,Independent supplied household CSV,houses-consumption-and-cost-of-electricity-in-the-administrative-regions- (2).csv,,,
2018,Riyadh,Riyadh,Winter,Consumption,kWh,9687768245.0,Independent supplied household CSV,houses-consumption-and-cost-of-electricity-in-the-administrative-regions- (2).csv,,,
2018,Riyadh,Riyadh,Winter,Cost,SAR,704968500.0,Independent supplied household CSV,houses-consumption-and-cost-of-electricity-in-the-administrative-regions- (2).csv,,,
2018,Tabuk,Tabuk,Rest of the year,Consumption,kWh,4777892250.0,Independent supplied household CSV,houses-consumption-and-cost-of-electricity-in-the-administrative-regions- (2).csv,,,
2018,Tabuk,Tabuk,Rest of the year,Cost,SAR,408817758.0,Independent supplied household CSV,houses-consumption-and-cost-of-electricity-in-the-administrative-regions- (2).csv,,,
2018,Tabuk,Tabuk,Winter,Consumption,kWh,1119707072.0,Independent supplied household CSV,houses-consumption-and-cost-of-electricity-in-the-administrative-regions- (2).csv,,,
2018,Tabuk,Tabuk,Winter,Cost,SAR,76501190.0,Independent supplied household CSV,houses-consumption-and-cost-of-electricity-in-the-administrative-regions- (2).csv,,,
2018,Total,Total,Rest of the year,Consumption,kWh,221519993629.0,Independent supplied household CSV,houses-consumption-and-cost-of-electricity-in-the-administrative-regions- (2).csv,,,
2018,Total,Total,Rest of the year,Cost,SAR,24123443309.0,Independent supplied household CSV,houses-consumption-and-cost-of-electricity-in-the-administrative-regions- (2).csv,,,
2018,Total,Total,Winter,Consumption,kWh,41515758849.0,Independent supplied household CSV,houses-consumption-and-cost-of-electricity-in-the-administrative-regions- (2).csv,,,
2018,Total,Total,Winter,Cost,SAR,3115154490.0,Independent supplied household CSV,houses-consumption-and-cost-of-electricity-in-the-administrative-regions- (2).csv,,,
2019,Al-Bahah,Al-Bahah,Rest of the year,Consumption,kWh,2205899137.0,Independent supplied household CSV,houses-consumption-and-cost-of-electricity-in-the-administrative-regions- (2).csv,,,
2019,Al-Bahah,Al-Bahah,Rest of the year,Cost,SAR,683330764.0,Independent supplied household CSV,houses-consumption-and-cost-of-electricity-in-the-administrative-regions- (2).csv,,,
2019,Al-Bahah,Al-Bahah,Winter,Consumption,kWh,583781957.0,Independent supplied household CSV,houses-consumption-and-cost-of-electricity-in-the-administrative-regions- (2).csv,,,
2019,Al-Bahah,Al-Bahah,Winter,Cost,SAR,153285758.0,Independent supplied household CSV,houses-consumption-and-cost-of-electricity-in-the-administrative-regions- (2).csv,,,
2019,Al-Jouf,Al-Jouf,Rest of the year,Consumption,kWh,2565128025.0,Independent supplied household CSV,houses-consumption-and-cost-of-electricity-in-the-administrative-regions- (2).csv,,,
2019,Al-Jouf,Al-Jouf,Rest of the year,Cost,SAR,944422326.0,Independent supplied household CSV,houses-consumption-and-cost-of-electricity-in-the-administrative-regions- (2).csv,,,
2019,Al-Jouf,Al-Jouf,Winter,Consumption,kWh,700853935.0,Independent supplied household CSV,houses-consumption-and-cost-of-electricity-in-the-administrative-regions- (2).csv,,,
2019,Al-Jouf,Al-Jouf,Winter,Cost,SAR,178038911.0,Independent supplied household CSV,houses-consumption-and-cost-of-electricity-in-the-administrative-regions- (2).csv,,,
2019,Al Qassim,Al-Qassim,Rest of the year,Consumption,kWh,6354815303.0,Independent supplied household CSV,houses-consumption-and-cost-of-electricity-in-the-administrative-regions- (2).csv,,,
2019,Al Qassim,Al-Qassim,Rest of the year,Cost,SAR,1851621754.0,Independent supplied household CSV,houses-consumption-and-cost-of-electricity-in-the-administrative-regions- (2).csv,,,
2019,Al Qassim,Al-Qassim,Winter,Consumption,kWh,1937898085.0,Independent supplied household CSV,houses-consumption-and-cost-of-electricity-in-the-administrative-regions- (2).csv,,,
2019,Al Qassim,Al-Qassim,Winter,Cost,SAR,566546168.0,Independent supplied household CSV,houses-consumption-and-cost-of-electricity-in-the-administrative-regions- (2).csv,,,
2019,Asir,Asir,Rest of the year,Consumption,kWh,10629137186.0,Independent supplied household CSV,houses-consumption-and-cost-of-electricity-in-the-administrative-regions- (2).csv,,,
2019,Asir,Asir,Rest of the year,Cost,SAR,3494972760.0,Independent supplied household CSV,houses-consumption-and-cost-of-electricity-in-the-administrative-regions- (2).csv,,,
2019,Asir,Asir,Winter,Consumption,kWh,2996611212.0,Independent supplied household CSV,houses-consumption-and-cost-of-electricity-in-the-administrative-regions- (2).csv,,,
2019,Asir,Asir,Winter,Cost,SAR,675309400.0,Independent supplied household CSV,houses-consumption-and-cost-of-electricity-in-the-administrative-regions- (2).csv,,,
2019,Eastern Region,Eastern Region,Rest of the year,Consumption,kWh,28190346286.0,Independent supplied household CSV,houses-consumption-and-cost-of-electricity-in-the-administrative-regions- (2).csv,,,
2019,Eastern Region,Eastern Region,Rest of the year,Cost,SAR,10377046409.0,Independent supplied household CSV,houses-consumption-and-cost-of-electricity-in-the-administrative-regions- (2).csv,,,
2019,Eastern Region,Eastern Region,Winter,Consumption,kWh,4294128877.0,Independent supplied household CSV,houses-consumption-and-cost-of-electricity-in-the-administrative-regions- (2).csv,,,
2019,Eastern Region,Eastern Region,Winter,Cost,SAR,952025741.0,Independent supplied household CSV,houses-consumption-and-cost-of-electricity-in-the-administrative-regions- (2).csv,,,
2019,Hail,Hail,Rest of the year,Consumption,kWh,2929853057.0,Independent supplied household CSV,houses-consumption-and-cost-of-electricity-in-the-administrative-regions- (2).csv,,,
2019,Hail,Hail,Rest of the year,Cost,SAR,652352964.0,Independent supplied household CSV,houses-consumption-and-cost-of-electricity-in-the-administrative-regions- (2).csv,,,
2019,Hail,Hail,Winter,Consumption,kWh,931962566.0,Independent supplied household CSV,houses-consumption-and-cost-of-electricity-in-the-administrative-regions- (2).csv,,,
2019,Hail,Hail,Winter,Cost,SAR,236304535.0,Independent supplied household CSV,houses-consumption-and-cost-of-electricity-in-the-administrative-regions- (2).csv,,,
2019,Jazan,Jazan,Rest of the year,Consumption,kWh,7109585707.0,Independent supplied household CSV,houses-consumption-and-cost-of-electricity-in-the-administrative-regions- (2).csv,,,
2019,Jazan,Jazan,Rest of the year,Cost,SAR,1840470440.0,Independent supplied household CSV,houses-consumption-and-cost-of-electricity-in-the-administrative-regions- (2).csv,,,
2019,Jazan,Jazan,Winter,Consumption,kWh,2287978519.0,Independent supplied household CSV,houses-consumption-and-cost-of-electricity-in-the-administrative-regions- (2).csv,,,
2019,Jazan,Jazan,Winter,Cost,SAR,583000149.0,Independent supplied household CSV,houses-consumption-and-cost-of-electricity-in-the-administrative-regions- (2).csv,,,
2019,Madinah,Madinah,Rest of the year,Consumption,kWh,10426896795.0,Independent supplied household CSV,houses-consumption-and-cost-of-electricity-in-the-administrative-regions- (2).csv,,,
2019,Madinah,Madinah,Rest of the year,Cost,SAR,2932372309.0,Independent supplied household CSV,houses-consumption-and-cost-of-electricity-in-the-administrative-regions- (2).csv,,,
2019,Madinah,Madinah,Winter,Consumption,kWh,2896966402.0,Independent supplied household CSV,houses-consumption-and-cost-of-electricity-in-the-administrative-regions- (2).csv,,,
2019,Madinah,Madinah,Winter,Cost,SAR,619823275.0,Independent supplied household CSV,houses-consumption-and-cost-of-electricity-in-the-administrative-regions- (2).csv,,,
2019,Makkah,Makkah,Rest of the year,Consumption,kWh,39835650154.0,Independent supplied household CSV,houses-consumption-and-cost-of-electricity-in-the-administrative-regions- (2).csv,,,
2019,Makkah,Makkah,Rest of the year,Cost,SAR,10470931097.0,Independent supplied household CSV,houses-consumption-and-cost-of-electricity-in-the-administrative-regions- (2).csv,,,
2019,Makkah,Makkah,Winter,Consumption,kWh,9811340713.0,Independent supplied household CSV,houses-consumption-and-cost-of-electricity-in-the-administrative-regions- (2).csv,,,
2019,Makkah,Makkah,Winter,Cost,SAR,2019019112.0,Independent supplied household CSV,houses-consumption-and-cost-of-electricity-in-the-administrative-regions- (2).csv,,,
2019,Najran,Najran,Rest of the year,Consumption,kWh,2567696293.0,Independent supplied household CSV,houses-consumption-and-cost-of-electricity-in-the-administrative-regions- (2).csv,,,
2019,Najran,Najran,Rest of the year,Cost,SAR,620378720.0,Independent supplied household CSV,houses-consumption-and-cost-of-electricity-in-the-administrative-regions- (2).csv,,,
2019,Najran,Najran,Winter,Consumption,kWh,743954708.0,Independent supplied household CSV,houses-consumption-and-cost-of-electricity-in-the-administrative-regions- (2).csv,,,
2019,Najran,Najran,Winter,Cost,SAR,168123136.0,Independent supplied household CSV,houses-consumption-and-cost-of-electricity-in-the-administrative-regions- (2).csv,,,
2019,Northern Borders,Northern Borders,Rest of the year,Consumption,kWh,1370924095.0,Independent supplied household CSV,houses-consumption-and-cost-of-electricity-in-the-administrative-regions- (2).csv,,,
2019,Northern Borders,Northern Borders,Rest of the year,Cost,SAR,298024935.0,Independent supplied household CSV,houses-consumption-and-cost-of-electricity-in-the-administrative-regions- (2).csv,,,
2019,Northern Borders,Northern Borders,Winter,Consumption,kWh,476021255.0,Independent supplied household CSV,houses-consumption-and-cost-of-electricity-in-the-administrative-regions- (2).csv,,,
2019,Northern Borders,Northern Borders,Winter,Cost,SAR,142002715.0,Independent supplied household CSV,houses-consumption-and-cost-of-electricity-in-the-administrative-regions- (2).csv,,,
2019,Riyadh,Riyadh,Rest of the year,Consumption,kWh,31818999925.0,Independent supplied household CSV,houses-consumption-and-cost-of-electricity-in-the-administrative-regions- (2).csv,,,
2019,Riyadh,Riyadh,Rest of the year,Cost,SAR,9479283407.0,Independent supplied household CSV,houses-consumption-and-cost-of-electricity-in-the-administrative-regions- (2).csv,,,
2019,Riyadh,Riyadh,Winter,Consumption,kWh,8929603334.0,Independent supplied household CSV,houses-consumption-and-cost-of-electricity-in-the-administrative-regions- (2).csv,,,
2019,Riyadh,Riyadh,Winter,Cost,SAR,1952659947.0,Independent supplied household CSV,houses-consumption-and-cost-of-electricity-in-the-administrative-regions- (2).csv,,,
2019,Tabuk,Tabuk,Rest of the year,Consumption,kWh,3745827308.0,Independent supplied household CSV,houses-consumption-and-cost-of-electricity-in-the-administrative-regions- (2).csv,,,
2019,Tabuk,Tabuk,Rest of the year,Cost,SAR,743893993.0,Independent supplied household CSV,houses-consumption-and-cost-of-electricity-in-the-administrative-regions- (2).csv,,,
2019,Tabuk,Tabuk,Winter,Consumption,kWh,1149529403.0,Independent supplied household CSV,houses-consumption-and-cost-of-electricity-in-the-administrative-regions- (2).csv,,,
2019,Tabuk,Tabuk,Winter,Cost,SAR,234601401.0,Independent supplied household CSV,houses-consumption-and-cost-of-electricity-in-the-administrative-regions- (2).csv,,,
2019,Total,Total,Rest of the year,Consumption,kWh,149750759270.0,Independent supplied household CSV,houses-consumption-and-cost-of-electricity-in-the-administrative-regions- (2).csv,,,
2019,Total,Total,Rest of the year,Cost,SAR,44389101876.0,Independent supplied household CSV,houses-consumption-and-cost-of-electricity-in-the-administrative-regions- (2).csv,,,
2019,Total,Total,Winter,Consumption,kWh,37740630965.0,Independent supplied household CSV,houses-consumption-and-cost-of-electricity-in-the-administrative-regions- (2).csv,,,
2019,Total,Total,Winter,Cost,SAR,8480740247.0,Independent supplied household CSV,houses-consumption-and-cost-of-electricity-in-the-administrative-regions- (2).csv,,,
2020,Al-Bahah,Al-Bahah,Rest of the year,Consumption,kWh,1834339162.0,Independent supplied household CSV,houses-consumption-and-cost-of-electricity-in-the-administrative-regions- (2).csv,,,
2020,Al-Bahah,Al-Bahah,Rest of the year,Cost,SAR,410535424.0,Independent supplied household CSV,houses-consumption-and-cost-of-electricity-in-the-administrative-regions- (2).csv,,,
2020,Al-Bahah,Al-Bahah,Winter,Consumption,kWh,469165147.0,Independent supplied household CSV,houses-consumption-and-cost-of-electricity-in-the-administrative-regions- (2).csv,,,
2020,Al-Bahah,Al-Bahah,Winter,Cost,SAR,96607805.0,Independent supplied household CSV,houses-consumption-and-cost-of-electricity-in-the-administrative-regions- (2).csv,,,
2020,Al-Jouf,Al-Jouf,Rest of the year,Consumption,kWh,2090562079.0,Independent supplied household CSV,houses-consumption-and-cost-of-electricity-in-the-administrative-regions- (2).csv,,,
2020,Al-Jouf,Al-Jouf,Rest of the year,Cost,SAR,540151610.0,Independent supplied household CSV,houses-consumption-and-cost-of-electricity-in-the-administrative-regions- (2).csv,,,
2020,Al-Jouf,Al-Jouf,Winter,Consumption,kWh,503142337.0,Independent supplied household CSV,houses-consumption-and-cost-of-electricity-in-the-administrative-regions- (2).csv,,,
2020,Al-Jouf,Al-Jouf,Winter,Cost,SAR,101309290.0,Independent supplied household CSV,houses-consumption-and-cost-of-electricity-in-the-administrative-regions- (2).csv,,,
2020,Al Qassim,Al-Qassim,Rest of the year,Consumption,kWh,8498699680.0,Independent supplied household CSV,houses-consumption-and-cost-of-electricity-in-the-administrative-regions- (2).csv,,,
2020,Al Qassim,Al-Qassim,Rest of the year,Cost,SAR,1858909102.0,Independent supplied household CSV,houses-consumption-and-cost-of-electricity-in-the-administrative-regions- (2).csv,,,
2020,Al Qassim,Al-Qassim,Winter,Consumption,kWh,1539416298.0,Independent supplied household CSV,houses-consumption-and-cost-of-electricity-in-the-administrative-regions- (2).csv,,,
2020,Al Qassim,Al-Qassim,Winter,Cost,SAR,338333822.0,Independent supplied household CSV,houses-consumption-and-cost-of-electricity-in-the-administrative-regions- (2).csv,,,
2020,Asir,Asir,Rest of the year,Consumption,kWh,8886838803.0,Independent supplied household CSV,houses-consumption-and-cost-of-electricity-in-the-administrative-regions- (2).csv,,,
2020,Asir,Asir,Rest of the year,Cost,SAR,2092556136.0,Independent supplied household CSV,houses-consumption-and-cost-of-electricity-in-the-administrative-regions- (2).csv,,,
2020,Asir,Asir,Winter,Consumption,kWh,1945750042.0,Independent supplied household CSV,houses-consumption-and-cost-of-electricity-in-the-administrative-regions- (2).csv,,,
2020,Asir,Asir,Winter,Cost,SAR,363141089.0,Independent supplied household CSV,houses-consumption-and-cost-of-electricity-in-the-administrative-regions- (2).csv,,,
2020,Eastern Region,Eastern Region,Rest of the year,Consumption,kWh,21557369812.0,Independent supplied household CSV,houses-consumption-and-cost-of-electricity-in-the-administrative-regions- (2).csv,,,
2020,Eastern Region,Eastern Region,Rest of the year,Cost,SAR,5483728980.0,Independent supplied household CSV,houses-consumption-and-cost-of-electricity-in-the-administrative-regions- (2).csv,,,
2020,Eastern Region,Eastern Region,Winter,Consumption,kWh,3482159360.0,Independent supplied household CSV,houses-consumption-and-cost-of-electricity-in-the-administrative-regions- (2).csv,,,
2020,Eastern Region,Eastern Region,Winter,Cost,SAR,664686072.0,Independent supplied household CSV,houses-consumption-and-cost-of-electricity-in-the-administrative-regions- (2).csv,,,
2020,Hail,Hail,Rest of the year,Consumption,kWh,3483897539.0,Independent supplied household CSV,houses-consumption-and-cost-of-electricity-in-the-administrative-regions- (2).csv,,,
2020,Hail,Hail,Rest of the year,Cost,SAR,695623902.0,Independent supplied household CSV,houses-consumption-and-cost-of-electricity-in-the-administrative-regions- (2).csv,,,
2020,Hail,Hail,Winter,Consumption,kWh,830065564.0,Independent supplied household CSV,houses-consumption-and-cost-of-electricity-in-the-administrative-regions- (2).csv,,,
2020,Hail,Hail,Winter,Cost,SAR,170320313.0,Independent supplied household CSV,houses-consumption-and-cost-of-electricity-in-the-administrative-regions- (2).csv,,,
2020,Jazan,Jazan,Rest of the year,Consumption,kWh,6250877934.0,Independent supplied household CSV,houses-consumption-and-cost-of-electricity-in-the-administrative-regions- (2).csv,,,
2020,Jazan,Jazan,Rest of the year,Cost,SAR,1304514731.0,Independent supplied household CSV,houses-consumption-and-cost-of-electricity-in-the-administrative-regions- (2).csv,,,
2020,Jazan,Jazan,Winter,Consumption,kWh,1554582668.0,Independent supplied household CSV,houses-consumption-and-cost-of-electricity-in-the-administrative-regions- (2).csv,,,
2020,Jazan,Jazan,Winter,Cost,SAR,320517165.0,Independent supplied household CSV,houses-consumption-and-cost-of-electricity-in-the-administrative-regions- (2).csv,,,
2020,Madinah,Madinah,Rest of the year,Consumption,kWh,10285719042.0,Independent supplied household CSV,houses-consumption-and-cost-of-electricity-in-the-administrative-regions- (2).csv,,,
2020,Madinah,Madinah,Rest of the year,Cost,SAR,2246676949.0,Independent supplied household CSV,houses-consumption-and-cost-of-electricity-in-the-administrative-regions- (2).csv,,,
2020,Madinah,Madinah,Winter,Consumption,kWh,2040377831.0,Independent supplied household CSV,houses-consumption-and-cost-of-electricity-in-the-administrative-regions- (2).csv,,,
2020,Madinah,Madinah,Winter,Cost,SAR,390820207.0,Independent supplied household CSV,houses-consumption-and-cost-of-electricity-in-the-administrative-regions- (2).csv,,,
2020,Makkah,Makkah,Rest of the year,Consumption,kWh,45183730039.0,Independent supplied household CSV,houses-consumption-and-cost-of-electricity-in-the-administrative-regions- (2).csv,,,
2020,Makkah,Makkah,Rest of the year,Cost,SAR,9751225005.0,Independent supplied household CSV,houses-consumption-and-cost-of-electricity-in-the-administrative-regions- (2).csv,,,
2020,Makkah,Makkah,Winter,Consumption,kWh,9513673122.0,Independent supplied household CSV,houses-consumption-and-cost-of-electricity-in-the-administrative-regions- (2).csv,,,
2020,Makkah,Makkah,Winter,Cost,SAR,1827323739.0,Independent supplied household CSV,houses-consumption-and-cost-of-electricity-in-the-administrative-regions- (2).csv,,,
2020,Najran,Najran,Rest of the year,Consumption,kWh,2220118197.0,Independent supplied household CSV,houses-consumption-and-cost-of-electricity-in-the-administrative-regions- (2).csv,,,
2020,Najran,Najran,Rest of the year,Cost,SAR,454314992.0,Independent supplied household CSV,houses-consumption-and-cost-of-electricity-in-the-administrative-regions- (2).csv,,,
2020,Najran,Najran,Winter,Consumption,kWh,569210792.0,Independent supplied household CSV,houses-consumption-and-cost-of-electricity-in-the-administrative-regions- (2).csv,,,
2020,Najran,Najran,Winter,Cost,SAR,110480000.0,Independent supplied household CSV,houses-consumption-and-cost-of-electricity-in-the-administrative-regions- (2).csv,,,
2020,Northern Borders,Northern Borders,Rest of the year,Consumption,kWh,1347783540.0,Independent supplied household CSV,houses-consumption-and-cost-of-electricity-in-the-administrative-regions- (2).csv,,,
2020,Northern Borders,Northern Borders,Rest of the year,Cost,SAR,267520333.0,Independent supplied household CSV,houses-consumption-and-cost-of-electricity-in-the-administrative-regions- (2).csv,,,
2020,Northern Borders,Northern Borders,Winter,Consumption,kWh,379159286.0,Independent supplied household CSV,houses-consumption-and-cost-of-electricity-in-the-administrative-regions- (2).csv,,,
2020,Northern Borders,Northern Borders,Winter,Cost,SAR,83999462.0,Independent supplied household CSV,houses-consumption-and-cost-of-electricity-in-the-administrative-regions- (2).csv,,,
2020,Riyadh,Riyadh,Rest of the year,Consumption,kWh,45171032799.0,Independent supplied household CSV,houses-consumption-and-cost-of-electricity-in-the-administrative-regions- (2).csv,,,
2020,Riyadh,Riyadh,Rest of the year,Cost,SAR,10279799807.0,Independent supplied household CSV,houses-consumption-and-cost-of-electricity-in-the-administrative-regions- (2).csv,,,
2020,Riyadh,Riyadh,Winter,Consumption,kWh,8390161686.0,Independent supplied household CSV,houses-consumption-and-cost-of-electricity-in-the-administrative-regions- (2).csv,,,
2020,Riyadh,Riyadh,Winter,Cost,SAR,1647747438.0,Independent supplied household CSV,houses-consumption-and-cost-of-electricity-in-the-administrative-regions- (2).csv,,,
2020,Tabuk,Tabuk,Rest of the year,Consumption,kWh,3616071416.0,Independent supplied household CSV,houses-consumption-and-cost-of-electricity-in-the-administrative-regions- (2).csv,,,
2020,Tabuk,Tabuk,Rest of the year,Cost,SAR,690784672.0,Independent supplied household CSV,houses-consumption-and-cost-of-electricity-in-the-administrative-regions- (2).csv,,,
2020,Tabuk,Tabuk,Winter,Consumption,kWh,832394440.0,Independent supplied household CSV,houses-consumption-and-cost-of-electricity-in-the-administrative-regions- (2).csv,,,
2020,Tabuk,Tabuk,Winter,Cost,SAR,155716582.0,Independent supplied household CSV,houses-consumption-and-cost-of-electricity-in-the-administrative-regions- (2).csv,,,
2020,Total,Total,Rest of the year,Consumption,kWh,160427040041.0,Independent supplied household CSV,houses-consumption-and-cost-of-electricity-in-the-administrative-regions- (2).csv,,,
2020,Total,Total,Rest of the year,Cost,SAR,36076341644.0,Independent supplied household CSV,houses-consumption-and-cost-of-electricity-in-the-administrative-regions- (2).csv,,,
2020,Total,Total,Winter,Consumption,kWh,32049258572.0,Independent supplied household CSV,houses-consumption-and-cost-of-electricity-in-the-administrative-regions- (2).csv,,,
2020,Total,Total,Winter,Cost,SAR,6271002983.0,Independent supplied household CSV,houses-consumption-and-cost-of-electricity-in-the-administrative-regions- (2).csv,,,
2021,Al-Bahah,Al-Bahah,Rest of the year,Consumption,kWh,1464798031.0,Independent supplied household CSV,houses-consumption-and-cost-of-electricity-in-the-administrative-regions- (2).csv,,,
2021,Al-Bahah,Al-Bahah,Rest of the year,Cost,SAR,322659766.0,Independent supplied household CSV,houses-consumption-and-cost-of-electricity-in-the-administrative-regions- (2).csv,,,
2021,Al-Bahah,Al-Bahah,Winter,Consumption,kWh,367849699.0,Independent supplied household CSV,houses-consumption-and-cost-of-electricity-in-the-administrative-regions- (2).csv,,,
2021,Al-Bahah,Al-Bahah,Winter,Cost,SAR,81175236.0,Independent supplied household CSV,houses-consumption-and-cost-of-electricity-in-the-administrative-regions- (2).csv,,,
2021,Al-Jouf,Al-Jouf,Rest of the year,Consumption,kWh,1231174711.0,Independent supplied household CSV,houses-consumption-and-cost-of-electricity-in-the-administrative-regions- (2).csv,,,
2021,Al-Jouf,Al-Jouf,Rest of the year,Cost,SAR,295519925.0,Independent supplied household CSV,houses-consumption-and-cost-of-electricity-in-the-administrative-regions- (2).csv,,,
2021,Al-Jouf,Al-Jouf,Winter,Consumption,kWh,263994514.0,Independent supplied household CSV,houses-consumption-and-cost-of-electricity-in-the-administrative-regions- (2).csv,,,
2021,Al-Jouf,Al-Jouf,Winter,Cost,SAR,58868009.0,Independent supplied household CSV,houses-consumption-and-cost-of-electricity-in-the-administrative-regions- (2).csv,,,
2021,Al Qassim,Al-Qassim,Rest of the year,Consumption,kWh,9423675533.0,Independent supplied household CSV,houses-consumption-and-cost-of-electricity-in-the-administrative-regions- (2).csv,,,
2021,Al Qassim,Al-Qassim,Rest of the year,Cost,SAR,2127845105.0,Independent supplied household CSV,houses-consumption-and-cost-of-electricity-in-the-administrative-regions- (2).csv,,,
2021,Al Qassim,Al-Qassim,Winter,Consumption,kWh,1262290669.0,Independent supplied household CSV,houses-consumption-and-cost-of-electricity-in-the-administrative-regions- (2).csv,,,
2021,Al Qassim,Al-Qassim,Winter,Cost,SAR,277701619.0,Independent supplied household CSV,houses-consumption-and-cost-of-electricity-in-the-administrative-regions- (2).csv,,,
2021,Asir,Asir,Rest of the year,Consumption,kWh,5091179063.0,Independent supplied household CSV,houses-consumption-and-cost-of-electricity-in-the-administrative-regions- (2).csv,,,
2021,Asir,Asir,Rest of the year,Cost,SAR,1212442957.0,Independent supplied household CSV,houses-consumption-and-cost-of-electricity-in-the-administrative-regions- (2).csv,,,
2021,Asir,Asir,Winter,Consumption,kWh,857927505.0,Independent supplied household CSV,houses-consumption-and-cost-of-electricity-in-the-administrative-regions- (2).csv,,,
2021,Asir,Asir,Winter,Cost,SAR,200717977.0,Independent supplied household CSV,houses-consumption-and-cost-of-electricity-in-the-administrative-regions- (2).csv,,,
2021,Eastern Region,Eastern Region,Rest of the year,Consumption,kWh,15924140065.0,Independent supplied household CSV,houses-consumption-and-cost-of-electricity-in-the-administrative-regions- (2).csv,,,
2021,Eastern Region,Eastern Region,Rest of the year,Cost,SAR,3633160406.0,Independent supplied household CSV,houses-consumption-and-cost-of-electricity-in-the-administrative-regions- (2).csv,,,
2021,Eastern Region,Eastern Region,Winter,Consumption,kWh,2617365030.0,Independent supplied household CSV,houses-consumption-and-cost-of-electricity-in-the-administrative-regions- (2).csv,,,
2021,Eastern Region,Eastern Region,Winter,Cost,SAR,588371177.0,Independent supplied household CSV,houses-consumption-and-cost-of-electricity-in-the-administrative-regions- (2).csv,,,
2021,Hail,Hail,Rest of the year,Consumption,kWh,3592907778.0,Independent supplied household CSV,houses-consumption-and-cost-of-electricity-in-the-administrative-regions- (2).csv,,,
2021,Hail,Hail,Rest of the year,Cost,SAR,794206659.0,Independent supplied household CSV,houses-consumption-and-cost-of-electricity-in-the-administrative-regions- (2).csv,,,
2021,Hail,Hail,Winter,Consumption,kWh,721039786.0,Independent supplied household CSV,houses-consumption-and-cost-of-electricity-in-the-administrative-regions- (2).csv,,,
2021,Hail,Hail,Winter,Cost,SAR,158073974.0,Independent supplied household CSV,houses-consumption-and-cost-of-electricity-in-the-administrative-regions- (2).csv,,,
2021,Jazan,Jazan,Rest of the year,Consumption,kWh,4285544736.0,Independent supplied household CSV,houses-consumption-and-cost-of-electricity-in-the-administrative-regions- (2).csv,,,
2021,Jazan,Jazan,Rest of the year,Cost,SAR,959358664.0,Independent supplied household CSV,houses-consumption-and-cost-of-electricity-in-the-administrative-regions- (2).csv,,,
2021,Jazan,Jazan,Winter,Consumption,kWh,987490903.0,Independent supplied household CSV,houses-consumption-and-cost-of-electricity-in-the-administrative-regions- (2).csv,,,
2021,Jazan,Jazan,Winter,Cost,SAR,217088274.0,Independent supplied household CSV,houses-consumption-and-cost-of-electricity-in-the-administrative-regions- (2).csv,,,
2021,Madinah,Madinah,Rest of the year,Consumption,kWh,9535951637.0,Independent supplied household CSV,houses-consumption-and-cost-of-electricity-in-the-administrative-regions- (2).csv,,,
2021,Madinah,Madinah,Rest of the year,Cost,SAR,2179868917.0,Independent supplied household CSV,houses-consumption-and-cost-of-electricity-in-the-administrative-regions- (2).csv,,,
2021,Madinah,Madinah,Winter,Consumption,kWh,1502964633.0,Independent supplied household CSV,houses-consumption-and-cost-of-electricity-in-the-administrative-regions- (2).csv,,,
2021,Madinah,Madinah,Winter,Cost,SAR,333905495.0,Independent supplied household CSV,houses-consumption-and-cost-of-electricity-in-the-administrative-regions- (2).csv,,,
2021,Makkah,Makkah,Rest of the year,Consumption,kWh,45378765717.0,Independent supplied household CSV,houses-consumption-and-cost-of-electricity-in-the-administrative-regions- (2).csv,,,
2021,Makkah,Makkah,Rest of the year,Cost,SAR,10433194472.0,Independent supplied household CSV,houses-consumption-and-cost-of-electricity-in-the-administrative-regions- (2).csv,,,
2021,Makkah,Makkah,Winter,Consumption,kWh,9119507632.0,Independent supplied household CSV,houses-consumption-and-cost-of-electricity-in-the-administrative-regions- (2).csv,,,
2021,Makkah,Makkah,Winter,Cost,SAR,2009727458.0,Independent supplied household CSV,houses-consumption-and-cost-of-electricity-in-the-administrative-regions- (2).csv,,,
2021,Najran,Najran,Rest of the year,Consumption,kWh,1588964924.0,Independent supplied household CSV,houses-consumption-and-cost-of-electricity-in-the-administrative-regions- (2).csv,,,
2021,Najran,Najran,Rest of the year,Cost,SAR,383180808.0,Independent supplied household CSV,houses-consumption-and-cost-of-electricity-in-the-administrative-regions- (2).csv,,,
2021,Najran,Najran,Winter,Consumption,kWh,429201785.0,Independent supplied household CSV,houses-consumption-and-cost-of-electricity-in-the-administrative-regions- (2).csv,,,
2021,Najran,Najran,Winter,Cost,SAR,95069179.0,Independent supplied household CSV,houses-consumption-and-cost-of-electricity-in-the-administrative-regions- (2).csv,,,
2021,Northern Borders,Northern Borders,Rest of the year,Consumption,kWh,1235235280.0,Independent supplied household CSV,houses-consumption-and-cost-of-electricity-in-the-administrative-regions- (2).csv,,,
2021,Northern Borders,Northern Borders,Rest of the year,Cost,SAR,279104695.0,Independent supplied household CSV,houses-consumption-and-cost-of-electricity-in-the-administrative-regions- (2).csv,,,
2021,Northern Borders,Northern Borders,Winter,Consumption,kWh,309277127.0,Independent supplied household CSV,houses-consumption-and-cost-of-electricity-in-the-administrative-regions- (2).csv,,,
2021,Northern Borders,Northern Borders,Winter,Cost,SAR,67334139.0,Independent supplied household CSV,houses-consumption-and-cost-of-electricity-in-the-administrative-regions- (2).csv,,,
2021,Riyadh,Riyadh,Rest of the year,Consumption,kWh,48478866294.0,Independent supplied household CSV,houses-consumption-and-cost-of-electricity-in-the-administrative-regions- (2).csv,,,
2021,Riyadh,Riyadh,Rest of the year,Cost,SAR,11552922000.0,Independent supplied household CSV,houses-consumption-and-cost-of-electricity-in-the-administrative-regions- (2).csv,,,
2021,Riyadh,Riyadh,Winter,Consumption,kWh,7796039221.0,Independent supplied household CSV,houses-consumption-and-cost-of-electricity-in-the-administrative-regions- (2).csv,,,
2021,Riyadh,Riyadh,Winter,Cost,SAR,1730985918.0,Independent supplied household CSV,houses-consumption-and-cost-of-electricity-in-the-administrative-regions- (2).csv,,,
2021,Tabuk,Tabuk,Rest of the year,Consumption,kWh,3260738261.0,Independent supplied household CSV,houses-consumption-and-cost-of-electricity-in-the-administrative-regions- (2).csv,,,
2021,Tabuk,Tabuk,Rest of the year,Cost,SAR,734721740.0,Independent supplied household CSV,houses-consumption-and-cost-of-electricity-in-the-administrative-regions- (2).csv,,,
2021,Tabuk,Tabuk,Winter,Consumption,kWh,601998801.0,Independent supplied household CSV,houses-consumption-and-cost-of-electricity-in-the-administrative-regions- (2).csv,,,
2021,Tabuk,Tabuk,Winter,Cost,SAR,136078020.0,Independent supplied household CSV,houses-consumption-and-cost-of-electricity-in-the-administrative-regions- (2).csv,,,
2021,Total,Total,Rest of the year,Consumption,kWh,150491942030.0,Independent supplied household CSV,houses-consumption-and-cost-of-electricity-in-the-administrative-regions- (2).csv,,,
2021,Total,Total,Rest of the year,Cost,SAR,34908186111.0,Independent supplied household CSV,houses-consumption-and-cost-of-electricity-in-the-administrative-regions- (2).csv,,,
2021,Total,Total,Winter,Consumption,kWh,26836947306.0,Independent supplied household CSV,houses-consumption-and-cost-of-electricity-in-the-administrative-regions- (2).csv,,,
2021,Total,Total,Winter,Cost,SAR,5955096473.0,Independent supplied household CSV,houses-consumption-and-cost-of-electricity-in-the-administrative-regions- (2).csv,,,
2022,Al-Bahah,Al-Bahah,Rest of the year,Consumption,kWh,1744594147.6505747,Independent supplied household CSV,houses-consumption-and-cost-of-electricity-in-the-administrative-regions- (2).csv,,,
2022,Al-Bahah,Al-Bahah,Rest of the year,Cost,SAR,374203654.8338293,Independent supplied household CSV,houses-consumption-and-cost-of-electricity-in-the-administrative-regions- (2).csv,,,
2022,Al-Bahah,Al-Bahah,Winter,Consumption,kWh,438511503.9631197,Independent supplied household CSV,houses-consumption-and-cost-of-electricity-in-the-administrative-regions- (2).csv,,,
2022,Al-Bahah,Al-Bahah,Winter,Cost,SAR,95129436.74375255,Independent supplied household CSV,houses-consumption-and-cost-of-electricity-in-the-administrative-regions- (2).csv,,,
2022,Al-Jouf,Al-Jouf,Rest of the year,Consumption,kWh,1929485006.555684,Independent supplied household CSV,houses-consumption-and-cost-of-electricity-in-the-administrative-regions- (2).csv,,,
2022,Al-Jouf,Al-Jouf,Rest of the year,Cost,SAR,411401253.0067384,Independent supplied household CSV,houses-consumption-and-cost-of-electricity-in-the-administrative-regions- (2).csv,,,
2022,Al-Jouf,Al-Jouf,Winter,Consumption,kWh,577782031.280273,Independent supplied household CSV,houses-consumption-and-cost-of-electricity-in-the-administrative-regions- (2).csv,,,
2022,Al-Jouf,Al-Jouf,Winter,Cost,SAR,124274911.48681298,Independent supplied household CSV,houses-consumption-and-cost-of-electricity-in-the-administrative-regions- (2).csv,,,
2022,Al Qassim,Al-Qassim,Rest of the year,Consumption,kWh,7042941762.035676,Independent supplied household CSV,houses-consumption-and-cost-of-electricity-in-the-administrative-regions- (2).csv,,,
2022,Al Qassim,Al-Qassim,Rest of the year,Cost,SAR,1517744512.6265588,Independent supplied household CSV,houses-consumption-and-cost-of-electricity-in-the-administrative-regions- (2).csv,,,
2022,Al Qassim,Al-Qassim,Winter,Consumption,kWh,1319360022.1135771,Independent supplied household CSV,houses-consumption-and-cost-of-electricity-in-the-administrative-regions- (2).csv,,,
2022,Al Qassim,Al-Qassim,Winter,Cost,SAR,285900564.70996886,Independent supplied household CSV,houses-consumption-and-cost-of-electricity-in-the-administrative-regions- (2).csv,,,
2022,Asir,Asir,Rest of the year,Consumption,kWh,7068160876.405769,Independent supplied household CSV,houses-consumption-and-cost-of-electricity-in-the-administrative-regions- (2).csv,,,
2022,Asir,Asir,Rest of the year,Cost,SAR,1526917250.8940885,Independent supplied household CSV,houses-consumption-and-cost-of-electricity-in-the-administrative-regions- (2).csv,,,
2022,Asir,Asir,Winter,Consumption,kWh,1904918502.7695236,Independent supplied household CSV,houses-consumption-and-cost-of-electricity-in-the-administrative-regions- (2).csv,,,
2022,Asir,Asir,Winter,Cost,SAR,414583416.7854677,Independent supplied household CSV,houses-consumption-and-cost-of-electricity-in-the-administrative-regions- (2).csv,,,
2022,Eastern Region,Eastern Region,Rest of the year,Consumption,kWh,22330217672.695526,Independent supplied household CSV,houses-consumption-and-cost-of-electricity-in-the-administrative-regions- (2).csv,,,
2022,Eastern Region,Eastern Region,Rest of the year,Cost,SAR,4749091858.992446,Independent supplied household CSV,houses-consumption-and-cost-of-electricity-in-the-administrative-regions- (2).csv,,,
2022,Eastern Region,Eastern Region,Winter,Consumption,kWh,3560456040.834077,Independent supplied household CSV,houses-consumption-and-cost-of-electricity-in-the-administrative-regions- (2).csv,,,
2022,Eastern Region,Eastern Region,Winter,Cost,SAR,775137570.7781062,Independent supplied household CSV,houses-consumption-and-cost-of-electricity-in-the-administrative-regions- (2).csv,,,
2022,Hail,Hail,Rest of the year,Consumption,kWh,3554537683.625925,Independent supplied household CSV,houses-consumption-and-cost-of-electricity-in-the-administrative-regions- (2).csv,,,
2022,Hail,Hail,Rest of the year,Cost,SAR,768668166.6378961,Independent supplied household CSV,houses-consumption-and-cost-of-electricity-in-the-administrative-regions- (2).csv,,,
2022,Hail,Hail,Winter,Consumption,kWh,916045926.675118,Independent supplied household CSV,houses-consumption-and-cost-of-electricity-in-the-administrative-regions- (2).csv,,,
2022,Hail,Hail,Winter,Cost,SAR,197964852.4964336,Independent supplied household CSV,houses-consumption-and-cost-of-electricity-in-the-administrative-regions- (2).csv,,,
2022,Jazan,Jazan,Rest of the year,Consumption,kWh,6363299962.5908575,Independent supplied household CSV,houses-consumption-and-cost-of-electricity-in-the-administrative-regions- (2).csv,,,
2022,Jazan,Jazan,Rest of the year,Cost,SAR,1399549855.4882736,Independent supplied household CSV,houses-consumption-and-cost-of-electricity-in-the-administrative-regions- (2).csv,,,
2022,Jazan,Jazan,Winter,Consumption,kWh,1474368226.1921697,Independent supplied household CSV,houses-consumption-and-cost-of-electricity-in-the-administrative-regions- (2).csv,,,
2022,Jazan,Jazan,Winter,Cost,SAR,319863623.9876814,Independent supplied household CSV,houses-consumption-and-cost-of-electricity-in-the-administrative-regions- (2).csv,,,
2022,Madinah,Madinah,Rest of the year,Consumption,kWh,9116706247.741154,Independent supplied household CSV,houses-consumption-and-cost-of-electricity-in-the-administrative-regions- (2).csv,,,
2022,Madinah,Madinah,Rest of the year,Cost,SAR,1959853435.2443635,Independent supplied household CSV,houses-consumption-and-cost-of-electricity-in-the-administrative-regions- (2).csv,,,
2022,Madinah,Madinah,Winter,Consumption,kWh,1603432658.666758,Independent supplied household CSV,houses-consumption-and-cost-of-electricity-in-the-administrative-regions- (2).csv,,,
2022,Madinah,Madinah,Winter,Cost,SAR,351392203.2630456,Independent supplied household CSV,houses-consumption-and-cost-of-electricity-in-the-administrative-regions- (2).csv,,,
2022,Makkah,Makkah,Rest of the year,Consumption,kWh,34857940792.14248,Independent supplied household CSV,houses-consumption-and-cost-of-electricity-in-the-administrative-regions- (2).csv,,,
2022,Makkah,Makkah,Rest of the year,Cost,SAR,7484200719.778509,Independent supplied household CSV,houses-consumption-and-cost-of-electricity-in-the-administrative-regions- (2).csv,,,
2022,Makkah,Makkah,Winter,Consumption,kWh,6905449416.637841,Independent supplied household CSV,houses-consumption-and-cost-of-electricity-in-the-administrative-regions- (2).csv,,,
2022,Makkah,Makkah,Winter,Cost,SAR,1506458087.9232626,Independent supplied household CSV,houses-consumption-and-cost-of-electricity-in-the-administrative-regions- (2).csv,,,
2022,Najran,Najran,Rest of the year,Consumption,kWh,2217208939.165246,Independent supplied household CSV,houses-consumption-and-cost-of-electricity-in-the-administrative-regions- (2).csv,,,
2022,Najran,Najran,Rest of the year,Cost,SAR,474613344.810183,Independent supplied household CSV,houses-consumption-and-cost-of-electricity-in-the-administrative-regions- (2).csv,,,
2022,Najran,Najran,Winter,Consumption,kWh,473619158.6473239,Independent supplied household CSV,houses-consumption-and-cost-of-electricity-in-the-administrative-regions- (2).csv,,,
2022,Najran,Najran,Winter,Cost,SAR,103258087.85763454,Independent supplied household CSV,houses-consumption-and-cost-of-electricity-in-the-administrative-regions- (2).csv,,,
2022,Northern Borders,Northern Borders,Rest of the year,Consumption,kWh,1767270866.0853336,Independent supplied household CSV,houses-consumption-and-cost-of-electricity-in-the-administrative-regions- (2).csv,,,
2022,Northern Borders,Northern Borders,Rest of the year,Cost,SAR,390337957.2707812,Independent supplied household CSV,houses-consumption-and-cost-of-electricity-in-the-administrative-regions- (2).csv,,,
2022,Northern Borders,Northern Borders,Winter,Consumption,kWh,455981401.8889453,Independent supplied household CSV,houses-consumption-and-cost-of-electricity-in-the-administrative-regions- (2).csv,,,
2022,Northern Borders,Northern Borders,Winter,Cost,SAR,98825697.08041094,Independent supplied household CSV,houses-consumption-and-cost-of-electricity-in-the-administrative-regions- (2).csv,,,
2022,Riyadh,Riyadh,Rest of the year,Consumption,kWh,41758614119.97405,Independent supplied household CSV,houses-consumption-and-cost-of-electricity-in-the-administrative-regions- (2).csv,,,
2022,Riyadh,Riyadh,Rest of the year,Cost,SAR,9058109828.138418,Independent supplied household CSV,houses-consumption-and-cost-of-electricity-in-the-administrative-regions- (2).csv,,,
2022,Riyadh,Riyadh,Winter,Consumption,kWh,7051873187.09648,Independent supplied household CSV,houses-consumption-and-cost-of-electricity-in-the-administrative-regions- (2).csv,,,
2022,Riyadh,Riyadh,Winter,Cost,SAR,1530701468.4044638,Independent supplied household CSV,houses-consumption-and-cost-of-electricity-in-the-administrative-regions- (2).csv,,,
2022,Tabuk,Tabuk,Rest of the year,Consumption,kWh,3992525149.825624,Independent supplied household CSV,houses-consumption-and-cost-of-electricity-in-the-administrative-regions- (2).csv,,,
2022,Tabuk,Tabuk,Rest of the year,Cost,SAR,858495393.3211132,Independent supplied household CSV,houses-consumption-and-cost-of-electricity-in-the-administrative-regions- (2).csv,,,
2022,Tabuk,Tabuk,Winter,Consumption,kWh,879807667.6899235,Independent supplied household CSV,houses-consumption-and-cost-of-electricity-in-the-administrative-regions- (2).csv,,,
2022,Tabuk,Tabuk,Winter,Cost,SAR,190772517.6489249,Independent supplied household CSV,houses-consumption-and-cost-of-electricity-in-the-administrative-regions- (2).csv,,,
2022,Total,Total,Rest of the year,Consumption,kWh,143743503226.49408,Independent supplied household CSV,houses-consumption-and-cost-of-electricity-in-the-administrative-regions- (2).csv,,,
2022,Total,Total,Rest of the year,Cost,SAR,30973187231.04317,Independent supplied household CSV,houses-consumption-and-cost-of-electricity-in-the-administrative-regions- (2).csv,,,
2022,Total,Total,Winter,Consumption,kWh,27561605744.45508,Independent supplied household CSV,houses-consumption-and-cost-of-electricity-in-the-administrative-regions- (2).csv,,,
2022,Total,Total,Winter,Cost,SAR,5994262439.16594,Independent supplied household CSV,houses-consumption-and-cost-of-electricity-in-the-administrative-regions- (2).csv,,,
