السنة,الوحدة,مصدر البيانات,القطاع,أعداد المستخدمين
2017,مستهلك,الشركة السعودية للكهرباء,سكني," 7,089,000 "
2017,مستهلك,الشركة السعودية للكهرباء,تجاري," 1,569,000 "
2017,مستهلك,الشركة السعودية للكهرباء,حكومي," 269,000 "
2017,مستهلك,الشركة السعودية للكهرباء,صناعي," 11,000 "
2017,مستهلك,الشركة السعودية للكهرباء,أخرى," 113,000 "
2018,مستهلك,الشركة السعودية للكهرباء,سكني," 7,406,000 "
2018,مستهلك,الشركة السعودية للكهرباء,تجاري," 1,608,000 "
2018,مستهلك,الشركة السعودية للكهرباء,حكومي," 274,000 "
2018,مستهلك,الشركة السعودية للكهرباء,صناعي," 11,000 "
2018,مستهلك,الشركة السعودية للكهرباء,أخرى," 115,000 "
2019,مستهلك,الشركة السعودية للكهرباء,سكني," 7,713,000 "
2019,مستهلك,الشركة السعودية للكهرباء,تجاري," 1,635,000 "
2019,مستهلك,الشركة السعودية للكهرباء,حكومي," 279,000 "
2019,مستهلك,الشركة السعودية للكهرباء,صناعي," 12,000 "
2019,مستهلك,الشركة السعودية للكهرباء,أخرى," 120,000 "
2020,مستهلك,الشركة السعودية للكهرباء,سكني," 8,047,000 "
2020,مستهلك,الشركة السعودية للكهرباء,تجاري," 1,659,000 "
2020,مستهلك,الشركة السعودية للكهرباء,حكومي," 282,000 "
2020,مستهلك,الشركة السعودية للكهرباء,صناعي," 12,000 "
2020,مستهلك,الشركة السعودية للكهرباء,أخرى," 122,000 "
2021,مستهلك,الشركة السعودية للكهرباء,سكني," 8,407,000 "
2021,مستهلك,الشركة السعودية للكهرباء,تجاري," 1,674,000 "
2021,مستهلك,الشركة السعودية للكهرباء,حكومي," 282,000 "
2021,مستهلك,الشركة السعودية للكهرباء,صناعي," 13,000 "
2021,مستهلك,الشركة السعودية للكهرباء,أخرى," 126,000 "
2022,مستهلك,الشركة السعودية للكهرباء,سكني," 8,778,000 "
2022,مستهلك,الشركة السعودية للكهرباء,تجاري," 1,703,000 "
2022,مستهلك,الشركة السعودية للكهرباء,حكومي," 284,000 "
2022,مستهلك,الشركة السعودية للكهرباء,صناعي," 13,000 "
2022,مستهلك,الشركة السعودية للكهرباء,أخرى," 130,000 "
2017,مستهلك,شركة مرافق الكهرباء والمياه بالجبيل وينبع,سكني," 14,516 "
2017,مستهلك,شركة مرافق الكهرباء والمياه بالجبيل وينبع,تجاري," 1,349 "
2017,مستهلك,شركة مرافق الكهرباء والمياه بالجبيل وينبع,حكومي," 2,790 "
2017,مستهلك,شركة مرافق الكهرباء والمياه بالجبيل وينبع,صناعي," 2,790 "
2017,مستهلك,شركة مرافق الكهرباء والمياه بالجبيل وينبع,أخرى, 144 
2018,مستهلك,شركة مرافق الكهرباء والمياه بالجبيل وينبع,سكني," 14,790 "
2018,مستهلك,شركة مرافق الكهرباء والمياه بالجبيل وينبع,تجاري," 1,399 "
2018,مستهلك,شركة مرافق الكهرباء والمياه بالجبيل وينبع,حكومي," 2,729 "
2018,مستهلك,شركة مرافق الكهرباء والمياه بالجبيل وينبع,صناعي, 104 
2018,مستهلك,شركة مرافق الكهرباء والمياه بالجبيل وينبع,أخرى, 127 
2019,مستهلك,شركة مرافق الكهرباء والمياه بالجبيل وينبع,سكني," 14,862 "
2019,مستهلك,شركة مرافق الكهرباء والمياه بالجبيل وينبع,تجاري," 1,391 "
2019,مستهلك,شركة مرافق الكهرباء والمياه بالجبيل وينبع,حكومي," 2,908 "
2019,مستهلك,شركة مرافق الكهرباء والمياه بالجبيل وينبع,صناعي, 103 
2019,مستهلك,شركة مرافق الكهرباء والمياه بالجبيل وينبع,أخرى, 122 
2020,مستهلك,شركة مرافق الكهرباء والمياه بالجبيل وينبع,سكني," 14,850 "
2020,مستهلك,شركة مرافق الكهرباء والمياه بالجبيل وينبع,تجاري," 1,399 "
2020,مستهلك,شركة مرافق الكهرباء والمياه بالجبيل وينبع,حكومي," 3,145 "
2020,مستهلك,شركة مرافق الكهرباء والمياه بالجبيل وينبع,صناعي, 105 
2020,مستهلك,شركة مرافق الكهرباء والمياه بالجبيل وينبع,أخرى, 111 
2021,مستهلك,شركة مرافق الكهرباء والمياه بالجبيل وينبع,سكني," 14,835 "
2021,مستهلك,شركة مرافق الكهرباء والمياه بالجبيل وينبع,تجاري," 1,456 "
2021,مستهلك,شركة مرافق الكهرباء والمياه بالجبيل وينبع,حكومي," 3,457 "
2021,مستهلك,شركة مرافق الكهرباء والمياه بالجبيل وينبع,صناعي, 107 
2021,مستهلك,شركة مرافق الكهرباء والمياه بالجبيل وينبع,أخرى, 111 
2022,مستهلك,شركة مرافق الكهرباء والمياه بالجبيل وينبع,سكني," 14,854 "
2022,مستهلك,شركة مرافق الكهرباء والمياه بالجبيل وينبع,تجاري," 1,497 "
2022,مستهلك,شركة مرافق الكهرباء والمياه بالجبيل وينبع,حكومي," 4,277 "
2022,مستهلك,شركة مرافق الكهرباء والمياه بالجبيل وينبع,صناعي, 112 
2022,مستهلك,شركة مرافق الكهرباء والمياه بالجبيل وينبع,أخرى, 116 
2023,مستهلك,الشركة السعودية للكهرباء,سكني," 8,876 "
2023,مستهلك,الشركة السعودية للكهرباء,تجاري," 1,689 "
2023,مستهلك,الشركة السعودية للكهرباء,حكومي, 284 
2023,مستهلك,الشركة السعودية للكهرباء,صناعي, 14 
2023,مستهلك,الشركة السعودية للكهرباء,أخرى, 132 
2024,مستهلك,الشركة السعودية للكهرباء,سكني," 9,147 "
2024,مستهلك,الشركة السعودية للكهرباء,تجاري," 1,727 "
2024,مستهلك,الشركة السعودية للكهرباء,حكومي, 286 
2024,مستهلك,الشركة السعودية للكهرباء,صناعي, 15 
2024,مستهلك,الشركة السعودية للكهرباء,أخرى, 141 
2023,مستهلك,شركة مرافق الكهرباء والمياه بالجبيل وينبع,سكني," 14,255 "
2023,مستهلك,شركة مرافق الكهرباء والمياه بالجبيل وينبع,تجاري," 1,582 "
2023,مستهلك,شركة مرافق الكهرباء والمياه بالجبيل وينبع,حكومي," 5,326 "
2023,مستهلك,شركة مرافق الكهرباء والمياه بالجبيل وينبع,صناعي, 115 
2023,مستهلك,شركة مرافق الكهرباء والمياه بالجبيل وينبع,أخرى, 116 
2024,مستهلك,شركة مرافق الكهرباء والمياه بالجبيل وينبع,سكني," 14,526 "
2024,مستهلك,شركة مرافق الكهرباء والمياه بالجبيل وينبع,تجاري," 1,603 "
2024,مستهلك,شركة مرافق الكهرباء والمياه بالجبيل وينبع,حكومي," 4,775 "
2024,مستهلك,شركة مرافق الكهرباء والمياه بالجبيل وينبع,صناعي, 126 
2024,مستهلك,شركة مرافق الكهرباء والمياه بالجبيل وينبع,أخرى, 26 
,,,,
,,,,
,,,,
,,,,
,,,,
أسم مجموعة البيانات,, اجمالي اعداد المستخدمين للكهرباء في المملكة (لكل فئة الاستهلاكية),,
من (السنه),,2017,,
إلى (السنة),,2024,,
